0,1,2,3,4,5
【品质保证】家用旅游，拍娃拍风景，一镜满足。Expeed5处理器，8张/秒连拍，4K视频，翻转触摸屏D750惊喜直降，好货请戳,https://item.jd.com/4247631.html,6999.00,1.7万+,尼康京东自营官方旗舰店,'自营''满2000-100'
【品质保证】天下武功，唯快不破，旗舰驾临，为动而生。153点自动对焦，4K超高清视频，触摸屏，专业的佳音D750惊喜直降，好货请戳,https://item.jd.com/2548547.html,39999.00,100+,尼康京东自营官方旗舰店,'自营''满赠'
【品质保证】一镜走天下，指哪打哪儿。Expeed，5处理器，8张/秒连拍，4K视频，翻转触摸屏D750惊喜直降，好货请戳,https://item.jd.com/5417510.html,7999.00,1000+,尼康京东自营官方旗舰店,'自营'
【品质保证】旗舰全画幅单反，实力之作，高像素高速度，自营更放心D750惊喜直降，好货请戳,https://item.jd.com/5017011.html,19199.00,2600+,尼康京东自营官方旗舰店,'自营''满赠'
【品质保证】惊喜直降400元！快来抢购！亲民全幅！尽享均衡之美。51点AF系统，对焦快准狠，握持舒适！,https://item.jd.com/1230455.html,8699.00,1.7万+,尼康京东自营官方旗舰店,'自营''满2500-400''满赠'
"【品质保证】2,416万有效像素、翻转屏、39点对焦系统。入门友好型，小巧型选手，新手摄影利器D750惊喜直降，好货请戳",https://item.jd.com/4153884.html,5199.00,8500+,尼康京东自营官方旗舰店,'自营''赠'
"【品质保证】2,416万有效像素、翻转屏、39点对焦系统。入门友好型，小巧型选手，新手摄影利器D750惊喜直降，好货请戳",https://item.jd.com/4153882.html,3999.00,8500+,尼康京东自营官方旗舰店,'自营'
【京东自营更放心】机皇降临！约5060万像素！双DIGIC6处理器！更加细腻的细节表现，这次，真的不容错过！,https://item.jd.com/1637507.html,9999.00,700+,佳能影像京东自营官方旗舰店,'自营''满赠'
"【品质保证】新款单反，入门女神单反，2,416万有效像素，小巧可爱，轻巧便携！新手摄影利器！D750惊喜直降，好货请戳",https://item.jd.com/100000323579.html,2999.00,800+,尼康京东自营官方旗舰店,'自营'
"【品质保证】2,416万有效像素、翻转屏、39点对焦系统。入门友好型，小巧型选手，新手摄影利器D750惊喜直降，好货请戳",https://item.jd.com/3740987.html,3399.00,8500+,尼康京东自营官方旗舰店,'自营'
【品质保证】天下武功，唯快不破，旗舰驾临，为动而生。153点自动对焦，4K超高清视频，触摸屏，专业的佳音D750惊喜直降，好货请戳,https://item.jd.com/3237626.html,39999.00,100+,尼康京东自营官方旗舰店,'自营'
【品质保证】金圈24-120，先感受一下！D750惊喜直降，好货请戳,https://item.jd.com/5915739.html,24348.00,2600+,尼康京东自营官方旗舰店,'自营''满赠'
【品质保证】D850+24-70，标准挂机搭配，实用好评，大三元了解一下！D750惊喜直降，好货请戳,https://item.jd.com/5965560.html,28198.00,2600+,尼康京东自营官方旗舰店,'自营''满赠'
【品质保证】人像精选套机！D750惊喜直降，好货请戳,https://item.jd.com/100001526411.html,10198.00,0,尼康京东自营官方旗舰店,'自营''满赠'
【品质保证】D850+电磁炮，VR防抖，品质之选，D850推荐组合！D750惊喜直降，好货请戳,https://item.jd.com/5965562.html,32798.00,2600+,尼康京东自营官方旗舰店,'自营''满赠'
【品质保证】大三元全家桶，一步到位，全军出击！D750惊喜直降，好货请戳,https://item.jd.com/5915771.html,54896.00,2600+,尼康京东自营官方旗舰店,'自营''满赠'
"【品质保证】实力来袭！2,416万有效像素、翻转屏、39点对焦系统。入门友好型，小巧型选手，新手摄影利器D750惊喜直降，好货请戳",https://item.jd.com/3764409.html,6598.00,8500+,尼康京东自营官方旗舰店,'自营'
【品质保证】D850+14-24，尽享广角乐趣，星空/风光利器组合！D750惊喜直降，好货请戳,https://item.jd.com/5965558.html,27998.00,2600+,尼康京东自营官方旗舰店,'自营''满赠'
【品质保证】新24-70E，防抖，更优更轻便，配得上D850的好D750惊喜直降，好货请戳,https://item.jd.com/5915749.html,32498.00,2600+,尼康京东自营官方旗舰店,'自营''满赠'
【京东自营 品质保证】套机价格尽享优惠，另有丰富赠品加入购物车查看！百微好头，微观世界，新视角！,https://item.jd.com/5915743.html,24998.00,2600+,尼康京东自营官方旗舰店,'自营''满赠'
【品质保证】全幅小机灵，口碑全幅+经典人像入门，套机京享优惠！D750惊喜直降，好货请戳,https://item.jd.com/2386149.html,9498.00,1.7万+,尼康京东自营官方旗舰店,'自营''满赠'
【品质保证】天下武功，唯快不破。旗舰驾临，为动而生。153点自动对焦，4K超高清视频，触摸屏D750惊喜直降，好货请戳,https://item.jd.com/3190543.html,53298.00,0,尼康京东自营官方旗舰店,'自营''满赠'
【品质保证】天下武功，唯快不破。旗舰驾临，为动而生。153点自动对焦，4K超高清视频，触摸屏D750惊喜直降，好货请戳,https://item.jd.com/3620190.html,53298.00,0,尼康京东自营官方旗舰店,'自营''满赠'
,https://item.jd.com/1482791.html,4699.00,2.4万+,佳能影像京东自营官方旗舰店,'自营''秒杀''赠'
"此商品将于2019-08-22,10点结束闪购特卖，佳能打印影像专场",https://item.jd.com/100005224374.html,4099.00,2300+,佳能影像京东自营官方旗舰店,'自营''闪购''赠'
【国行正品】签约经销商，假一赔三【分期免息】白条3期免息【无忧快递】京东/顺丰全国仓就近发货【下单有礼】购相机赠配件大礼包,https://item.jd.com/46609380991.html,4199.00,300+,益弘摄影专营店,'京东物流''放心购''闪购''免邮''券1000-20''赠''险'
820相机超级品类日！抢100/200补贴神券！抽500元无门槛神券！全店尊享3期免息，购套餐再减100送延保享专属特权！抽奖拿百万豪礼！点击进入》》》,https://item.jd.com/46004969190.html,4548.00,1000+,兴远摄影专营店,'闪购''免邮''券5000-50''满199-100''险'
,https://item.jd.com/40993868447.html,4599.00,200+,霞光盛景摄影专营店,'闪购''免邮''券7999-50''赠''险'
套餐含相机包、存储卡、遥控器、清洁套装、滤镜、三脚架，晒单还可享更多好礼,https://item.jd.com/10807593851.html,4528.00,100+,锐意泰和数码专营店,'放心购''闪购''免邮''券199-20''险'
820数码超级品类日，抢200超级神券(指定商品可用)，部分配件每满300减30！更有超低直降促销等你来嗨！点击查看,https://item.jd.com/10122149632.html,4749.00,1200+,摄贸金广角官方旗舰店,'京东物流''放心购''闪购''免邮''券2000-100''赠''险'
,https://item.jd.com/40993868450.html,5966.00,200+,霞光盛景摄影专营店,'闪购''免邮''券7999-50''赠''险'
820相机超级品类日！抢100/200补贴神券！抽500元无门槛神券！全店尊享3期免息，购套餐再减100送延保享专属特权！抽奖拿百万豪礼！点击进入》》》,https://item.jd.com/1809133129.html,4988.00,2800+,兴远摄影专营店,'闪购''免邮''券5000-50''险'
8月狂欢，指定型号尽享1000直降！满3000档即送帅气斜跨包，单反/微单下单送专业配件礼包，晒单还送大三脚架+视频教程！全新正规行货，假一赔十！,https://item.jd.com/26128182728.html,5338.00,200+,千影汇数码专营店,'闪购''券999-20''赠''险'
820相机超级品类日！抢100/200补贴神券！抽500元无门槛神券！全店尊享3期免息，购套餐再减100送延保享专属特权！抽奖拿百万豪礼！点击进入》》》,https://item.jd.com/30749281837.html,6738.00,300+,兴远摄影专营店,'闪购''免邮''券5000-50''满199-100''赠''险'
8月狂欢，指定型号尽享1000直降！满3000档即送帅气斜跨包，单反/微单下单送专业配件礼包，晒单还送大三脚架+视频教程！全新正规行货，假一赔十！,https://item.jd.com/42288891002.html,5738.00,200+,千影汇数码专营店,'闪购''券999-20''赠''险'
820数码超级品类日，中海摄影携手京东让价大促，部分型号满可以领取200元优惠券，更有超值大礼等你哦820数码超级品类日点击领券,https://item.jd.com/27559618499.html,6258.00,700+,中海摄影专营店,'闪购''赠''险'
820相机超级品类日！抢100/200补贴神券！抽500元无门槛神券！全店尊享3期免息，购套餐再减100送延保享专属特权！抽奖拿百万豪礼！点击进入》》》,https://item.jd.com/1612196969.html,6578.00,1400+,兴远摄影专营店,'闪购''免邮''券5000-50''险'
【国行正品】签约经销商，假一赔三【分期免息】白条3期免息【无忧快递】京东/顺丰全国仓就近发货【下单有礼】购相机赠配件大礼包,https://item.jd.com/14119160026.html,14388.00,300+,益弘摄影专营店,'闪购''免邮''券1000-20''赠''险'
820数码超级品类日，抢200超级神券(指定商品可用)，部分配件每满300减30！更有超低直降促销等你来嗨！点击查看,https://item.jd.com/46018962284.html,4249.00,100+,摄贸金广角官方旗舰店,'放心购''闪购''免邮''赠''险'
【国行正品，全国联保】机身配件一站式购机服务，资深摄影指导！22年实体店保障，企业采购单位！惠在美康,https://item.jd.com/26356087025.html,3730.00,30+,美康数码摄影专营店,'闪购''险'
可选套餐（含相机包、存储卡、清洁套装、滤镜、三脚架等），晒单还可享更多好礼,https://item.jd.com/20277321219.html,6008.00,60+,锐意泰和数码专营店,'放心购''闪购''免邮''券199-20''险'
,https://item.jd.com/41042298804.html,8999.00,500+,霞光盛景摄影专营店,'闪购''免邮''券7999-50''赠''险'
820相机超级品类日！抢100/200补贴神券！至高劲省818元。点击查看,https://item.jd.com/10896034789.html,21759.00,70+,丹灵数码专营店,'闪购''免邮''券4999-50''险'
【京东热8品质狂欢购】【咨询客服享优惠】【白条三期免息】前30名赠送价值598元五年延保！还有实用大礼包加摄影教程，晒单更有好礼！点这里抢神卷100元200元,https://item.jd.com/27866105303.html,14488.00,800+,盛世华研数码专营店,'闪购''赠''险'
【京东热8品质狂欢购】【咨询客服享优惠】【白条三期免息】前30名赠送价值598元五年延保！还有实用大礼包加摄影教程，晒单更有好礼！点这里抢神卷100元200元,https://item.jd.com/27165077956.html,6568.00,1500+,盛世华研数码专营店,'闪购''赠''险'
,https://item.jd.com/39250078203.html,8188.00,800+,霞光盛景摄影专营店,'闪购''免邮''券7999-50''赠''险'
820相机超级品类日！抢100/200补贴神券！至高劲省818元。点击查看,https://item.jd.com/11135610176.html,4459.00,300+,丹灵数码专营店,'放心购''闪购''免邮''券4999-50''险'
,https://item.jd.com/39250078202.html,6366.00,800+,霞光盛景摄影专营店,'闪购''免邮''券7999-50''赠''险'
【国行正品，全国联保】机身配件一站式购机服务，资深摄影指导！22年实体店保障，企业采购单位！惠在美康,https://item.jd.com/26533074935.html,16729.00,500+,美康数码摄影专营店,'闪购''券4000-200''赠''险'
4000减200，2000减100京东神券限时抢，撩客服加送好礼，配件5折起，正品保证，正规发票，20年实体店高品质享受，专业摄影服务，不忘初心,https://item.jd.com/10204052786.html,8399.00,700+,爱深博影像旗舰店,'闪购''免邮''赠''险'
8月狂欢，指定型号尽享1000直降！满3000档即送帅气斜跨包，单反/微单下单送专业配件礼包，晒单还送大三脚架+视频教程！全新正规行货，假一赔十！,https://item.jd.com/26128141182.html,8328.00,7,千影汇数码专营店,'闪购''券999-20''赠''险'
【国行正品】签约经销商，假一赔三【分期免息】白条3期免息【无忧快递】京东/顺丰全国仓就近发货【下单有礼】购相机赠配件大礼包,https://item.jd.com/46609380993.html,4888.00,300+,益弘摄影专营店,'放心购''闪购''免邮''券1000-20''赠''险'
8月狂欢，指定型号尽享1000直降！满3000档即送帅气斜跨包，单反/微单下单送专业配件礼包，晒单还送大三脚架+视频教程！全新正规行货，假一赔十！,https://item.jd.com/43686865625.html,5768.00,3,千影汇数码专营店,'闪购''券999-20''赠''险'
4000减200，2000减100京东神券限时抢，撩客服加送好礼，配件5折起，正品保证，正规发票，20年实体店高品质享受，专业摄影服务，不忘初心,https://item.jd.com/1807630036.html,4949.00,2700+,爱深博影像旗舰店,'闪购''免邮''赠''险'
【京东热8品质狂欢购】【咨询客服享优惠】【白条三期免息】前30名赠送价值598元五年延保！还有实用大礼包加摄影教程，晒单更有好礼！点这里抢神卷100元200元,https://item.jd.com/27432879310.html,8058.00,500+,盛世华研数码专营店,'京东物流''闪购''赠''险'
820相机超级品类日！抢100/200补贴神券！至高劲省818元。点击查看,https://item.jd.com/10037558921.html,14359.00,100+,丹灵数码专营店,'放心购''闪购''免邮''券4999-50''险'
【京东热8品质狂欢购】【咨询客服享优惠】【白条免息】分期免息，下单送实用大礼包加摄影教程，晒单送备电或三脚架点这里抢神卷100元200元,https://item.jd.com/12900452444.html,5758.00,100+,卓群数码影像专营店,'闪购''券1000-100''满99-5''赠''险'
套餐含相机包、存储卡、遥控器、清洁套装、滤镜、三脚架，晒单还可享更多好礼,https://item.jd.com/10807593852.html,4678.00,100+,锐意泰和数码专营店,'放心购''闪购''免邮''券199-20''险'
【京东热8品质狂欢购】【咨询客服享优惠】【白条三期免息】前30名赠送价值598元五年延保！还有实用大礼包加摄影教程，晒单更有好礼！点这里抢神卷100元200元,https://item.jd.com/27165077955.html,7888.00,1500+,盛世华研数码专营店,'闪购''券4000-200''赠''险'
820相机超级品类日！抢100/200补贴神券！抽500元无门槛神券！全店尊享3期免息，购套餐再减100送延保享专属特权！抽奖拿百万豪礼！点击进入》》》,https://item.jd.com/30749281841.html,6258.00,300+,兴远摄影专营店,'闪购''免邮''券5000-50''满199-100''赠''险'
,https://item.jd.com/39220238626.html,15988.00,1200+,霞光盛景摄影专营店,'闪购''免邮''券7999-50''赠''险'
8月狂欢，指定型号尽享1000直降！满3000档即送帅气斜跨包，单反/微单下单送专业配件礼包，晒单还送大三脚架+视频教程！全新正规行货，假一赔十！,https://item.jd.com/26128182726.html,6088.00,200+,千影汇数码专营店,'闪购''券999-20''赠''险'
【京东热8品质狂欢购】【咨询客服享优惠】【白条免息】分期免息，下单送实用大礼包加摄影教程，晒单送备电或三脚架点这里抢神卷100元200元,https://item.jd.com/12900452443.html,6358.00,100+,卓群数码影像专营店,'闪购''券1000-100''满99-5''赠''险'
【京东热8品质狂欢购】【咨询客服享优惠】【白条三期免息】前30名赠送价值598元五年延保！还有实用大礼包加摄影教程，晒单更有好礼！点这里抢神卷100元200元,https://item.jd.com/27838879803.html,21368.00,500+,盛世华研数码专营店,'闪购''险'
【京东热8品质狂欢购】【咨询客服享优惠】【白条三期免息】前30名赠送价值598元五年延保！还有实用大礼包加摄影教程，晒单更有好礼！点这里抢神卷100元200元,https://item.jd.com/27201909180.html,20788.00,800+,盛世华研数码专营店,'闪购''赠''险'
,https://item.jd.com/32059941556.html,5259.00,300+,丹灵数码专营店,'闪购''免邮''券4999-50''险'
8月狂欢，指定型号尽享1000直降！满3000档即送帅气斜跨包，单反/微单下单送专业配件礼包，晒单还送大三脚架+视频教程！全新正规行货，假一赔十！,https://item.jd.com/26144782840.html,6039.00,800+,千影汇数码专营店,'闪购''券999-20''赠''险'
820数码超级品类日，中海摄影携手京东让价大促，部分型号满可以领取200元优惠券，更有超值大礼等你哦820数码超级品类日点击领券,https://item.jd.com/47100729429.html,7728.00,600+,中海摄影专营店,'闪购''赠''险'
4000减200，2000减100京东神券限时抢，撩客服加送好礼，配件5折起，正品保证，正规发票，20年实体店高品质享受，专业摄影服务，不忘初心,https://item.jd.com/10828184215.html,8949.00,700+,爱深博影像旗舰店,'闪购''免邮''赠''险'
820相机超级品类日！抢100/200补贴神券！抽500元无门槛神券！全店尊享3期免息，购套餐再减100送延保享专属特权！抽奖拿百万豪礼！点击进入》》》,https://item.jd.com/10907301243.html,9678.00,1400+,兴远摄影专营店,'闪购''免邮''券5000-50''险'
820相机超级品类日！抢100/200补贴神券！抽500元无门槛神券！全店尊享3期免息，购套餐再减100送延保享专属特权！抽奖拿百万豪礼！点击进入》》》,https://item.jd.com/10827840694.html,14668.00,100+,兴远摄影专营店,'闪购''免邮''券5000-50''赠''险'
套餐满199-100！3期免息，选购套餐更便捷，戳下查看~,https://item.jd.com/31636431207.html,15268.00,600+,兴远摄影专营店,'闪购''免邮''券5000-50''满199-100''险'
820数码超级品类日，抢200超级神券(指定商品可用)，部分配件每满300减30！更有超低直降促销等你来嗨！点击查看,https://item.jd.com/11197271424.html,8149.00,2500+,摄贸金广角官方旗舰店,'闪购''免邮''赠''险'
【国行正品】签约经销商，假一赔三【分期免息】白条3期免息【无忧快递】京东/顺丰全国仓就近发货【下单有礼】购相机赠配件大礼包,https://item.jd.com/14119160010.html,12566.00,300+,益弘摄影专营店,'闪购''免邮''券1000-20''赠''险'
820相机超级品类日！抢100/200补贴神券！抽500元无门槛神券！全店尊享3期免息，购套餐再减100送延保享专属特权！抽奖拿百万豪礼！点击进入》》》,https://item.jd.com/10907301236.html,8228.00,1400+,兴远摄影专营店,'闪购''免邮''券5000-50''险'
4000减200，2000减100京东神券限时抢，撩客服加送好礼，配件5折起，正品保证，正规发票，20年实体店高品质享受，专业摄影服务，不忘初心,https://item.jd.com/10747162107.html,4758.00,2700+,爱深博影像旗舰店,'闪购''免邮''券2000-100''赠''险'
8月狂欢，指定型号尽享1000直降！满3000档即送帅气斜跨包，单反/微单下单送专业配件礼包，晒单还送大三脚架+视频教程！全新正规行货，假一赔十！,https://item.jd.com/52619594844.html,4569.00,1,千影汇数码专营店,'闪购''券999-20''险'
【京东热8品质狂欢购】【咨询客服享优惠】【白条免息】下单送16件摄影大礼包加摄影教程，晒单送备电或三脚架【正规发票】全新正品国行，支持官方检测，假一赔十,https://item.jd.com/30390407819.html,20388.00,10+,卓群数码影像专营店,'闪购''券1000-100''满99-5''险'
8月狂欢，指定型号尽享1000直降！满3000档即送帅气斜跨包，单反/微单下单送专业配件礼包，晒单还送大三脚架+视频教程！全新正规行货，假一赔十！,https://item.jd.com/26128182722.html,4188.00,200+,千影汇数码专营店,'闪购''券999-20''赠''险'
820数码超级品类日，抢200超级神券(指定商品可用)，部分配件每满300减30！更有超低直降促销等你来嗨！点击查看,https://item.jd.com/26601580960.html,2999.00,5000+,摄贸金广角官方旗舰店,'闪购''免邮''赠''险'
820相机超级品类日！抢100/200补贴神券！抽500元无门槛神券！全店尊享3期免息，购套餐再减100送延保享专属特权！抽奖拿百万豪礼！点击进入》》》,https://item.jd.com/31681871679.html,5778.00,300+,兴远摄影专营店,'闪购''免邮''券5000-50''险'
820相机超级品类日！抢100/200补贴神券！抽500元无门槛神券！全店尊享3期免息，购套餐再减100送延保享专属特权！抽奖拿百万豪礼！点击进入》》》,https://item.jd.com/31641166898.html,19958.00,200+,兴远摄影专营店,'闪购''免邮''券5000-50''赠''险'
【京东热8品质狂欢购】【咨询客服享优惠】【白条三期免息】前30名赠送价值598元五年延保！还有实用大礼包加摄影教程，晒单更有好礼！点这里抢神卷100元200元,https://item.jd.com/34737573889.html,20168.00,500+,盛世华研数码专营店,'闪购''险'
"此商品将于2019-08-22,10点结束闪购特卖，佳能打印影像专场",https://item.jd.com/4691178.html,4899.00,4.6万+,佳能影像京东自营官方旗舰店,'自营''闪购''赠'
"此商品将于2019-08-22,10点结束闪购特卖，佳能打印影像专场",https://item.jd.com/4582671.html,11299.00,6500+,佳能影像京东自营官方旗舰店,'自营''闪购''满赠'
"此商品将于2019-08-22,10点结束闪购特卖，佳能打印影像专场",https://item.jd.com/100005224388.html,4099.00,2000+,佳能影像京东自营官方旗舰店,'自营''闪购''赠'
【京东热8品质狂欢购】【咨询客服享优惠】【白条三期免息】前30名赠送价值598元五年延保！还有实用大礼包加摄影教程，晒单更有好礼！点这里抢神卷100元200元,https://item.jd.com/27958555283.html,5438.00,700+,盛世华研数码专营店,'京东物流''闪购''券4000-200''赠''险'
8月狂欢，指定型号尽享1000直降！满3000档即送帅气斜跨包，单反/微单下单送专业配件礼包，晒单还送大三脚架+视频教程！全新正规行货，假一赔十！,https://item.jd.com/26128182725.html,4858.00,200+,千影汇数码专营店,'闪购''券999-20''赠''险'
4000减200，2000减100京东神券限时抢，撩客服加送好礼，配件5折起，正品保证，正规发票，20年实体店高品质享受，专业摄影服务，不忘初心,https://item.jd.com/1643147817.html,3848.00,3900+,爱深博影像旗舰店,'闪购''免邮''券2999-20''赠''险'
820相机超级品类日！抢100/200补贴神券！抽500元无门槛神券！全店尊享3期免息，购套餐再减100送延保享专属特权！抽奖拿百万豪礼！点击进入》》》,https://item.jd.com/1809133130.html,4838.00,2800+,兴远摄影专营店,'闪购''免邮''券5000-50''险'
4000减200，2000减100京东神券限时抢，撩客服加送好礼，配件5折起，正品保证，正规发票，20年实体店高品质享受，专业摄影服务，不忘初心,https://item.jd.com/1807630038.html,3929.00,2700+,爱深博影像旗舰店,'闪购''免邮''券2999-20''赠''险'
【国行正品】签约经销商，假一赔三【分期免息】白条3期免息【无忧快递】京东/顺丰全国仓就近发货【下单有礼】购相机赠配件大礼包,https://item.jd.com/26515283518.html,2949.00,900+,益弘摄影专营店,'放心购''闪购''免邮''券1000-20''赠''险'
【国行正品】签约经销商，假一赔三【分期免息】白条3期免息【无忧快递】京东/顺丰全国仓就近发货【下单有礼】购相机赠配件大礼包,https://item.jd.com/52772859085.html,4749.00,1500+,益弘摄影专营店,'放心购''新品''闪购''免邮''券1000-20''险'
【国行正品】签约经销商，假一赔三【分期免息】白条3期免息【无忧快递】京东/顺丰全国仓就近发货【下单有礼】购相机赠配件大礼包,https://item.jd.com/42580863334.html,3129.00,900+,益弘摄影专营店,'放心购''闪购''免邮''券1000-20''赠''险'
【京东热8品质狂欢购】【咨询客服享优惠】【白条三期免息】前30名赠送价值598元五年延保！还有实用大礼包加摄影教程，晒单更有好礼！点这里抢神卷100元200元,https://item.jd.com/27866101100.html,8738.00,800+,盛世华研数码专营店,'闪购''券4000-200''赠''险'
【京东热8品质狂欢购】【咨询客服享优惠】【白条三期免息】前30名赠送价值598元五年延保！还有实用大礼包加摄影教程，晒单更有好礼！点这里抢神卷100元200元,https://item.jd.com/27866105301.html,11688.00,800+,盛世华研数码专营店,'闪购''券4000-200''赠''险'
4000减200，2000减100京东神券限时抢，撩客服加送好礼，配件5折起，正品保证，正规发票，20年实体店高品质享受，专业摄影服务，不忘初心,https://item.jd.com/49745336462.html,4899.00,3900+,爱深博影像旗舰店,'闪购''免邮''券3000-100''赠''险'
【京东热8品质狂欢购】【咨询客服享优惠】【白条免息】分期免息，下单送实用大礼包加摄影教程，晒单送备电或三脚架点这里抢神卷100元200元,https://item.jd.com/14226111118.html,3858.00,400+,卓群数码影像专营店,'京东物流''闪购''满99-5''赠''险'
,https://item.jd.com/39250069500.html,7538.00,800+,霞光盛景摄影专营店,'闪购''免邮''券7999-50''赠''险'
4000减200，2000减100京东神券限时抢，撩客服加送好礼，配件5折起，正品保证，正规发票，20年实体店高品质享受，专业摄影服务，不忘初心,https://item.jd.com/10204052785.html,6469.00,700+,爱深博影像旗舰店,'闪购''免邮''券4000-200''赠''险'
【京东热8品质狂欢购】【咨询客服享优惠】【白条三期免息】前30名赠送价值598元五年延保！还有实用大礼包加摄影教程，晒单更有好礼！点这里抢神卷100元200元,https://item.jd.com/27201909181.html,12578.00,800+,盛世华研数码专营店,'闪购''赠''险'
8月狂欢，指定型号尽享1000直降！满3000档即送帅气斜跨包，单反/微单下单送专业配件礼包，晒单还送大三脚架+视频教程！全新正规行货，假一赔十！,https://item.jd.com/26128182724.html,5038.00,200+,千影汇数码专营店,'闪购''券999-20''赠''险'
【京东热8品质狂欢购】【咨询客服享优惠】【白条三期免息】前30名赠送价值598元五年延保！还有实用大礼包加摄影教程，晒单更有好礼！点这里抢神卷100元200元,https://item.jd.com/27838879804.html,15968.00,500+,盛世华研数码专营店,'闪购''券4000-200''险'
,https://item.jd.com/39250078205.html,7818.00,800+,霞光盛景摄影专营店,'闪购''免邮''券7999-50''赠''险'
820相机超级品类日！抢100/200补贴神券！抽500元无门槛神券！全店尊享3期免息，购套餐再减100送延保享专属特权！抽奖拿百万豪礼！点击进入》》》,https://item.jd.com/12994413331.html,3288.00,1700+,兴远摄影专营店,'放心购''闪购''免邮''券5000-50''满199-100''赠''险'
【京东热8品质狂欢购】【咨询客服享优惠】【白条免息】分期免息，下单送实用大礼包加摄影教程，晒单送备电或三脚架点这里抢神卷100元200元,https://item.jd.com/12900452449.html,8499.00,100+,卓群数码影像专营店,'闪购''券1000-100''满99-5''赠''险'
,https://item.jd.com/2554856.html,8299.00,4.7万+,佳能影像京东自营官方旗舰店,'自营''闪购'
"此商品将于2019-08-22,10点结束闪购特卖，佳能打印影像专场",https://item.jd.com/3678501.html,21999.00,1万+,佳能影像京东自营官方旗舰店,'自营''闪购'
"此商品将于2019-08-22,10点结束闪购特卖，佳能打印影像专场",https://item.jd.com/3169869.html,16499.00,1.3万+,佳能影像京东自营官方旗舰店,'自营''闪购'
"此商品将于2019-08-22,10点结束闪购特卖，佳能打印影像专场",https://item.jd.com/3997325.html,6299.00,1.5万+,佳能影像京东自营官方旗舰店,'自营''闪购'
"此商品将于2019-08-22,10点结束闪购特卖，佳能打印影像专场",https://item.jd.com/4533465.html,3799.00,1.3万+,佳能影像京东自营官方旗舰店,'自营''闪购''赠'
"此商品将于2019-08-22,10点结束闪购特卖，佳能打印影像专场",https://item.jd.com/5307588.html,14399.00,1.2万+,佳能影像京东自营官方旗舰店,'自营''闪购'
"此商品将于2019-08-22,10点结束闪购特卖，佳能打印影像专场",https://item.jd.com/1471515.html,3999.00,1.6万+,佳能影像京东自营官方旗舰店,'自营''闪购''赠'
,https://item.jd.com/2808510.html,35599.00,500+,佳能影像京东自营官方旗舰店,'自营''满赠'
,https://item.jd.com/6969475.html,2999.00,6600+,佳能影像京东自营官方旗舰店,'自营'
【精选爆款】【京东自营更放心】全画幅经典之作，与wifi兼得，性价比神机，圆你摄影大师梦！,https://item.jd.com/770137.html,8999.00,9100+,佳能影像京东自营官方旗舰店,'自营'
"此商品将于2019-08-22,10点结束闪购特卖，佳能打印影像专场",https://item.jd.com/5307590.html,8799.00,1.1万+,佳能影像京东自营官方旗舰店,'自营''闪购''满赠'
【品质保证】惊喜直降600元！快来抢购！亲民全幅！尽享均衡之美。51点AF系统，对焦快准狠，握持舒适，金圈24-120实用好搭配！,https://item.jd.com/1254626.html,12599.00,1.7万+,尼康京东自营官方旗舰店,'自营''满3000-600''满赠'
,https://item.jd.com/2537615.html,8299.00,1.5万+,佳能影像京东自营官方旗舰店,'自营'
【京东自营更放心】请认准佳能原装！注意市场上搭配的非原厂18-200镜头和拆机镜头。推荐80D18-200，经典中端旗舰单反，一镜走天下！,https://item.jd.com/4450910.html,6899.00,4500+,佳能影像京东自营官方旗舰店,'自营'
【京东自营更放心】带2个镜头，给你更多焦段选择！,https://item.jd.com/1471494.html,5499.00,4700+,佳能影像京东自营官方旗舰店,'自营''赠'
"1.820电脑数码超品日,抢京东神券立减100元2:套餐一特殊效果滤4件套装仅需加100元3:购买尼康原装70-300镜头不送遮光罩点击抢券",https://item.jd.com/11927575852.html,2799.00,900+,御成数码专营店,'放心购''闪购''券1000-100''赠''险'
"此商品将于2019-08-22,10点结束闪购特卖，佳能打印影像专场",https://item.jd.com/3599834.html,21099.00,2800+,佳能影像京东自营官方旗舰店,'自营''闪购'
"此商品将于2019-08-22,10点结束闪购特卖，佳能打印影像专场",https://item.jd.com/4582667.html,13499.00,4000+,佳能影像京东自营官方旗舰店,'自营''闪购'
,https://item.jd.com/34608719487.html,3249.00,700+,崇旺数码专营店,'放心购''险'
【京东自营更放心】新手专用单反，1080P全高清摄像，9点自动对焦。,https://item.jd.com/7224814.html,2699.00,900+,佳能影像京东自营官方旗舰店,'自营'
"【品质保证】新款单反，入门女神单反，2,416万有效像素，小巧可爱，轻巧便携！新手摄影利器！D750惊喜直降，好货请戳",https://item.jd.com/100000323581.html,2199.00,200+,尼康京东自营官方旗舰店,'自营'
8月狂欢，指定型号尽享1000直降！满3000档即送帅气斜跨包，单反/微单下单送专业配件礼包，晒单还送大三脚架+视频教程！全新正规行货，假一赔十！,https://item.jd.com/33266636130.html,3088.00,500+,千影汇数码专营店,'放心购''闪购''券999-20''赠''险'
【新品秒杀：前20名下单晒图就送价值399元15件大礼包！正品保障，享售后无忧！】,https://item.jd.com/1972688978.html,2058.00,2900+,蜗牛国际海外专营店,'券2399-30''赠'
"【品质保证】2,416万有效像素、翻转屏、39点对焦系统。入门友好型，小巧型选手，新手摄影利器D750惊喜直降，好货请戳",https://item.jd.com/100005442536.html,4899.00,70+,尼康京东自营官方旗舰店,'自营'
【京东热8品质狂欢购】【咨询客服享优惠】【白条免息】分期免息，下单送实用大礼包加摄影教程，晒单送备电或三脚架点这里抢神卷100元200元,https://item.jd.com/11049293058.html,5199.00,1100+,卓群数码影像专营店,'闪购''券1000-100''满99-5''赠''险'
【京东自营更放心】套机点击可选80D18-200，更大焦段，一机搞定一步到位，一镜走天下！,https://item.jd.com/2554820.html,5999.00,5100+,佳能影像京东自营官方旗舰店,'自营''赠'
"【品质保证】新款单反，入门女神单反，2,416万有效像素，小巧可爱，轻巧便携！新手摄影利器！D750惊喜直降，好货请戳",https://item.jd.com/100003385975.html,4099.00,80+,尼康京东自营官方旗舰店,'自营'
热8嗨购《尼康直供》《下单升级大礼包》《全新正品》《白条免息》《领券立减》《正规发票》下单即送大礼包，晒单在送三脚架，咨询客服优惠更多哟！放心购！！！,https://item.jd.com/33198409409.html,2899.00,100+,克成影像专营店,'放心购''券1000-100''赠''险'
【京东热8品质狂欢购】【咨询客服享优惠】【白条免息】分期免息，下单送实用大礼包加摄影教程，晒单送备电或三脚架点这里抢神卷100元200元,https://item.jd.com/44686042614.html,4099.00,1100+,卓群数码影像专营店,'闪购''券1000-100''满99-5''赠''险'
【京东热8品质狂欢购】【咨询客服享优惠】【白条免息】分期免息，下单送实用大礼包加摄影教程，晒单送备电或三脚架点这里抢神卷100元200元,https://item.jd.com/10813323009.html,15788.00,400+,卓群数码影像专营店,'券1000-100''满99-5''赠''险'
"此商品将于2019-08-22,10点结束闪购特卖，佳能打印影像专场",https://item.jd.com/4533461.html,3899.00,1.3万+,佳能影像京东自营官方旗舰店,'自营''闪购''赠'
"【品质保证】新款单反，入门女神单反，2,416万有效像素，小巧可爱，轻巧便携！新手摄影利器！D750惊喜直降，好货请戳",https://item.jd.com/100003385979.html,3799.00,40+,尼康京东自营官方旗舰店,'自营''赠'
【品质保证】惊喜直降600元！快来抢购！亲民全幅！尽享均衡之美。51点AF系统，对焦快准狠，握持舒适！,https://item.jd.com/1263613.html,10699.00,3.5万+,尼康京东自营官方旗舰店,'自营''满3000-600'
【包邮包税】今日下单晒图赠送超值大礼包15件套，原装进口，现货速发，正品保证！售后无忧！,https://item.jd.com/36990654716.html,2058.00,600+,amazing world海外专营店,'免邮''赠'
【京东热8品质狂欢购】【咨询客服享优惠】【白条免息】分期免息，下单送实用大礼包加摄影教程，晒单送备电或三脚架点这里抢神卷100元200元,https://item.jd.com/11049293050.html,3899.00,1100+,卓群数码影像专营店,'闪购''券1000-100''满99-5''赠''险'
"京东820超品日，疯抢100/200元大额神券-部分型号可用，下单套餐再减100元，购套餐晒单再送备电套装，撩客服
更优惠点击查看",https://item.jd.com/23477954922.html,3588.00,1000+,实在人数码专营店,'放心购''免邮''赠''险'
【8.18狂欢节特惠】D3500/18-55领券立减100，【正品行货】下单送井柏然限量版肩带，晒单送三脚架；【关注加购】送限量空调毯【神券点这里，一省到底】,https://item.jd.com/13013293192.html,2799.00,2000+,艾曼达数码专营店,'放心购''免邮''券2000-100''赠''险'
【限时秒杀：领劵立减30元！】晒图送价值299元备用电池！现货速发，晚到必赔，正品保障，享售后无忧！,https://item.jd.com/26364191658.html,4299.00,1300+,蜗牛国际海外专营店,'券2399-30'
【京东自营更放心】约5060万像素！去除低通滤镜效果，呈现出更高的清晰度！---让我来满足你挑剔的眼睛！,https://item.jd.com/1637503.html,11499.00,900+,佳能影像京东自营官方旗舰店,'自营''满赠'
【京东自营更放心】Digic7图像处理，全45点十字型自动对焦，2420万有效像素，带wifi有肩屏，全像素双核CMOS,https://item.jd.com/4449736.html,5299.00,1700+,佳能影像京东自营官方旗舰店,'自营''赠'
(致广大摄影爱好者）1.我们是京东佳能专卖店，专注佳能12年。2，本店大部分商品采用京东物流，全国五仓发货，部分商品次日达！北京城区可闪送，2小时极速达。,https://item.jd.com/31499759426.html,2978.00,700+,佳能呈现美数码专卖店,'京东物流''闪购''免邮''券2000-100'
"1.820电脑数码超品日,抢京东神券立减100元2:套餐一特殊效果滤4件套装仅需加100元3:购买尼康原装70-300镜头不送遮光罩点击抢券",https://item.jd.com/11927575833.html,2889.00,900+,御成数码专营店,'放心购''闪购''券1000-100''赠''险'
专业质检，售后无忧，顺丰直达；苹果MacBookAir笔记本热销中,https://item.jd.com/25356286614.html,4349.00,100+,有得卖二手电脑专营店,'券599-50'
迎接夏天，拥抱太阳！生机勃勃的夏日让我们带着相机去沐浴阳光吧！本店所有商品支持7天无理由，一年免费保修，千万千万记得先领券后下单哦！,https://item.jd.com/37729867962.html,1999.00,1100+,翼思二手摄影器材专营店,'券39-30''满1999-20''险'
【京东热8品质狂欢购】【咨询客服享优惠】【白条三期免息】前30名赠送价值598元五年延保！还有实用大礼包加摄影教程，晒单更有好礼！点这里抢神卷100元200元,https://item.jd.com/28117352027.html,9199.00,700+,盛世华研数码专营店,'闪购''券4000-200''赠''险'
【京东热8品质狂欢购】【咨询客服享优惠】【白条免息】分期免息，下单送实用大礼包加摄影教程，晒单送备电或三脚架点这里抢神卷100元200元,https://item.jd.com/12900452447.html,9388.00,100+,卓群数码影像专营店,'闪购''券1000-100''满99-5''赠''险'
【8.18购物狂欢节】5300/18-55到手价3139；【正品行货】满3000加1元换国产遮光罩；【关注加购】送尼康限量版空调毯【神券点这里，一省到底】,https://item.jd.com/16888689267.html,3299.00,2400+,艾曼达数码专营店,'放心购''免邮''券2000-100''险'
4000减200，2000减100京东神券限时抢，撩客服加送好礼，配件5折起，正品保证，正规发票，20年实体店高品质享受，专业摄影服务，不忘初心,https://item.jd.com/46020623711.html,4258.00,3900+,爱深博影像旗舰店,'闪购''免邮''券2999-20''赠''险'
(致广大摄影爱好者）1.我们是京东佳能专卖店，专注佳能12年。2，本店大部分商品采用京东物流，全国五仓发货，部分商品次日达！北京城区可闪送，2小时极速达。,https://item.jd.com/28833827828.html,2599.00,700+,佳能呈现美数码专卖店,'闪购''免邮''券1000-10'
迎接夏天，拥抱太阳！生机勃勃的夏日让我们带着相机去沐浴阳光吧！本店所有商品支持7天无理由，一年免费保修，千万千万记得先领券后下单哦！,https://item.jd.com/37729867964.html,2699.00,1100+,翼思二手摄影器材专营店,'券39-30''满1999-20''险'
"品类狂欢,闪购钜惠！Z7单机下单立减1000元，领平台券再减200元！还有大转盘抽奖进行中，实物好礼等你来拿，点击马上参与",https://item.jd.com/32119447923.html,5599.00,300+,尼康官方旗舰店,'闪购''券4000-200''险'
迎接夏天，拥抱太阳！生机勃勃的夏日让我们带着相机去沐浴阳光吧！本店所有商品支持7天无理由，一年免费保修，千万千万记得先领券后下单哦！,https://item.jd.com/38306678222.html,3819.00,700+,翼思二手摄影器材专营店,'券39-30''满1999-20''险'
【关注有礼领券立减】夏日旅游季，好礼享不停！店铺所有商品提供七天无理由退换货，顺丰发货，领券立减，撩客服免费延保，领取三合一数据线！更有好评红包等你领取！,https://item.jd.com/34820423583.html,1649.00,60+,奇恒二手摄影器材专营店,'放心购''券599-50''赠''险'
【正品行货，支持售后网点检测】【17-20号领100-200元神券，下单立减】,https://item.jd.com/46004654776.html,4396.00,2800+,光影数码专营店,'免邮''券2000-100''赠''险'
【京东自营更放心】2410万像素。,https://item.jd.com/6857020.html,4299.00,800+,佳能影像京东自营官方旗舰店,'自营''赠'
"京东820超品日，疯抢100/200元大额神券-部分型号可用，下单套餐再减100元，购套餐晒单再送备电套装，撩客服
更优惠点击查看",https://item.jd.com/23468485812.html,3688.00,4300+,实在人数码专营店,'放心购''免邮''赠''险'
京东8.20数码节超品日，100-200券领不停！可与店铺券叠加使用哟！特划算！撩客服还可领取惊喜大礼包！点击查看点击查看点击查看,https://item.jd.com/46003511065.html,4239.00,500+,佳能呈现美数码专卖店,'京东物流''放心购''闪购''免邮''券2000-100''赠'
先领券再下单/下单就送配件大礼包/7天无理由退货/365天店铺质保/终身成本维修,https://item.jd.com/29416213810.html,2185.00,300+,实在人二手摄影器材专营店,'放心购''券599-50''满1999-20''赠''险'
【领券下单享优惠晒单返现金大红包】官方检测、正品保障，关注店铺领取现金红包点击领取,https://item.jd.com/45763714829.html,1750.00,20+,五棵松数码二手专营店,'免邮''券599-50''满500-10''赠''险'
820相机超级品类日！抢100/200补贴神券！抽500元无门槛神券！全店尊享3期免息，购套餐再减100送延保享专属特权！抽奖拿百万豪礼！点击进入》》》,https://item.jd.com/1809133131.html,6298.00,2800+,兴远摄影专营店,'闪购''免邮''券5000-50''险'
,https://item.jd.com/47998427131.html,3999.00,100+,崇旺数码专营店,'券1000-100''险'
联系客服可领券！支持白条！晒单送礼品！正规国税发票！更多产品点击进入,https://item.jd.com/18067278862.html,3599.00,400+,宏森博源数码专营店,'京东物流''免邮''券3399-35''赠''险'
迎接夏天，拥抱太阳！生机勃勃的夏日让我们带着相机去沐浴阳光吧！本店所有商品支持7天无理由，一年免费保修，千万千万记得先领券后下单哦！,https://item.jd.com/37729867963.html,2899.00,1100+,翼思二手摄影器材专营店,'券39-30''满1999-20''险'
8月狂欢，指定型号尽享1000直降！满3000档即送帅气斜跨包，单反/微单下单送专业配件礼包，晒单还送大三脚架+视频教程！全新正规行货，假一赔十！,https://item.jd.com/26128156301.html,6999.00,70+,千影汇数码专营店,'闪购''券999-20''赠''险'
,https://item.jd.com/49915959837.html,5199.00,100+,崇旺数码专营店,'券1000-100''险'
迎接夏天，拥抱太阳！生机勃勃的夏日让我们带着相机去沐浴阳光吧！本店所有商品支持7天无理由，一年免费保修，千万千万记得先领券后下单哦！,https://item.jd.com/37729867960.html,1699.00,1100+,翼思二手摄影器材专营店,'券39-30''满1999-20''险'
【国行正品】签约经销商，假一赔三【分期免息】白条3期免息【无忧快递】京东/顺丰全国仓就近发货【下单有礼】购相机赠配件大礼包,https://item.jd.com/28896738264.html,2788.00,900+,益弘摄影专营店,'放心购''闪购''免邮''券1000-20''赠''险'
【京东自营更放心】含Wifi卡哦！2020万像素，65点对焦！双DIGIC6处理器！,https://item.jd.com/3777561.html,10699.00,700+,佳能影像京东自营官方旗舰店,'自营'
京东8.20数码节超品日，100-200券领不停！可与店铺券叠加使用哟！特划算！撩客服还可领取惊喜大礼包！点击查看点击查看点击查看,https://item.jd.com/46009588032.html,4599.00,500+,佳能呈现美数码专卖店,'放心购''闪购''免邮''券1000-20'
(致广大摄影爱好者）1.我们是京东佳能专卖店，专注佳能12年。2，本店大部分商品采用京东物流，全国五仓发货，部分商品次日达！北京城区可闪送，2小时极速达。,https://item.jd.com/26549709790.html,2958.00,700+,佳能呈现美数码专卖店,'闪购''免邮''券1000-10'
(致广大摄影爱好者）1.我们是京东佳能专卖店，专注佳能12年。2，本店大部分商品采用京东物流，全国五仓发货，部分商品次日达！北京城区可闪送，2小时极速达。,https://item.jd.com/26538601140.html,2888.00,700+,佳能呈现美数码专卖店,'京东物流''闪购''免邮''券1000-10''赠'
4000减200，2000减100京东神券限时抢，撩客服加送好礼，配件5折起，正品保证，正规发票，20年实体店高品质享受，专业摄影服务，不忘初心,https://item.jd.com/10701494100.html,3369.00,1600+,爱深博影像旗舰店,'放心购''闪购''免邮''券2999-20''赠''险'
【京东热8品质狂欢购】【咨询客服享优惠】【白条免息】分期免息，下单送实用大礼包加摄影教程，晒单送备电或三脚架点这里抢神卷100元200元,https://item.jd.com/10705396132.html,2999.00,200+,卓群数码影像专营店,'券2000-100''满99-5''赠''险'
【尼康直供】下单赠单反实用礼包！京东好店/官方授权经销商/尼康俱乐部典范店！18年线下实体店!影像超品日，【嗨购820，点击这里抢神劵】,https://item.jd.com/10024400828.html,5199.00,2300+,达欣兴象摄影专营店,'闪购''券1000-100''赠''险'
先领券再下单/下单就送配件大礼包/7天无理由退货/365天店铺质保/终身成本维修,https://item.jd.com/28066119120.html,4558.00,200+,实在人二手摄影器材专营店,'闪购''券599-50''满1999-20''赠''险'
【京东热8品质狂欢购】【咨询客服享优惠】【白条三期免息】前30名赠送价值598元五年延保！还有实用大礼包加摄影教程，晒单更有好礼！点这里抢神卷100元200元,https://item.jd.com/31171247900.html,6168.00,700+,盛世华研数码专营店,'闪购''赠''险'
【正品行货，支持售后网点检测】【17-20号领100-200元神券，下单立减】,https://item.jd.com/27150547714.html,2887.00,600+,光影数码专营店,'免邮''赠''险'
《下单就送大礼包》《全新正品》《白条免息》,https://item.jd.com/27316340768.html,7899.00,100+,克成影像专营店,'闪购''券1000-100''赠''险'
"1.820电脑数码超品日,抢京东神券立减100元2:套餐一特殊效果滤4件套装仅需加100元3:购买尼康原装70-300镜头不送遮光罩点击抢券",https://item.jd.com/44067084552.html,3089.00,900+,御成数码专营店,'放心购''闪购''券1000-100''赠''险'
京东8.20数码节超品日，100-200券领不停！可与店铺券叠加使用哟！特划算！撩客服还可领取惊喜大礼包！点击查看点击查看点击查看,https://item.jd.com/46003511064.html,4239.00,500+,佳能呈现美数码专卖店,'京东物流''放心购''闪购''免邮''券2000-100''赠'
【京东热8品质狂欢购】【咨询客服享优惠】【白条三期免息】前30名赠送价值598元五年延保！还有实用大礼包加摄影教程，晒单更有好礼！点这里抢神卷100元200元,https://item.jd.com/28852172876.html,8388.00,700+,盛世华研数码专营店,'闪购''赠''险'
【京东热8品质狂欢购】【咨询客服享优惠】【白条免息】分期免息，下单送实用大礼包加摄影教程，晒单送备电或三脚架点这里抢神卷100元200元,https://item.jd.com/13040274757.html,8288.00,200+,卓群数码影像专营店,'券4000-200''满99-5''赠''险'
佳能认证经销商，恒泰承诺正品国行，全国保修一年，店铺质保五年，回馈新老客户，全店免费升级内存卡，原装包，国产电池，相机视屏教程，十五种好礼相送。,https://item.jd.com/11730040239.html,7788.00,4000+,恒泰隆昌影像专营店,'赠'
【新品上线·现货秒杀】现货速发，正品保障，售后无忧！晒图即送15件大礼包！晒图还有优惠，具体联系在线客服领取！,https://item.jd.com/22232035808.html,2058.00,80+,蜗牛海外专营店,'免邮''券1499-20''赠'
【国行正品】签约经销商，假一赔三【分期免息】白条3期免息【无忧快递】京东/顺丰全国仓就近发货【下单有礼】购相机赠配件大礼包,https://item.jd.com/47708229688.html,2549.00,400+,益弘摄影专营店,'放心购''闪购''免邮''券1000-20''险'
【关注有礼领券立减】夏日旅游季，好礼享不停！店铺所有商品提供七天无理由退换货，顺丰发货，领券立减，撩客服免费延保，领取三合一数据线！更有好评红包等你领取！,https://item.jd.com/51809247469.html,2000.00,0,奇恒二手摄影器材专营店,'券599-50''赠''险'
4000减200，2000减100京东神券限时抢，撩客服加送好礼，配件5折起，正品保证，正规发票，20年实体店高品质享受，专业摄影服务，不忘初心,https://item.jd.com/49745336464.html,5459.00,3900+,爱深博影像旗舰店,'闪购''免邮''券3000-100''赠''险'
今日下单即送7重豪礼/7天无理由退货/366天店铺质保/终身成本维修,https://item.jd.com/43243720232.html,3999.00,20+,瀚祥二手影音专营店,'免邮''券599-50''险'
【京东热8品质狂欢购】【咨询客服享优惠】【白条免息】分期免息，下单送实用大礼包加摄影教程，晒单送备电或三脚架点这里抢神卷100元200元,https://item.jd.com/12900452448.html,11388.00,100+,卓群数码影像专营店,'闪购''券1000-100''满99-5''赠''险'
专业质检，售后无忧，顺丰直达；苹果MacBookAir笔记本热销中,https://item.jd.com/23933715207.html,3799.00,100+,有得卖二手电脑专营店,'券599-50'
【限时秒杀：领劵立减30元！】晒图送价值299元备用电池！现货速发，晚到必赔，正品保障，享售后无忧！,https://item.jd.com/1997987209.html,4149.00,1300+,蜗牛国际海外专营店,'券2399-30'
【京东热8品质狂欢购】【咨询客服享优惠】【白条免息】分期免息，下单送实用大礼包加摄影教程，晒单送备电或三脚架点这里抢神卷100元200元,https://item.jd.com/13040274758.html,6499.00,200+,卓群数码影像专营店,'满99-5''赠''险'
8月狂欢，指定型号尽享1000直降！满3000档即送帅气斜跨包，单反/微单下单送专业配件礼包，晒单还送大三脚架+视频教程！全新正规行货，假一赔十！,https://item.jd.com/44961324645.html,5028.00,20+,千影汇数码专营店,'闪购''券999-20''险'
【365天质保】下单收藏关注店铺送摄影教程,https://item.jd.com/34254330964.html,9550.00,100+,摄影师二手摄影器材专营店,'券599-50''赠''险'
迎接夏天，拥抱太阳！生机勃勃的夏日让我们带着相机去沐浴阳光吧！本店所有商品支持7天无理由，一年免费保修，千万千万记得先领券后下单哦！,https://item.jd.com/37802658412.html,2050.00,700+,翼思二手摄影器材专营店,'券39-30''满1999-20''险'
【京东热8品质狂欢购】【咨询客服享优惠】【白条免息】分期免息，下单送实用大礼包加摄影教程，晒单送备电或三脚架点这里抢神卷100元200元,https://item.jd.com/10776740362.html,7999.00,200+,卓群数码影像专营店,'闪购''券1000-100''满99-5''赠''险'
【现货直邮！京东物流】正品保障，平台审核，海关监管！30天意外保180天性能保！贴心售前售后服务！促销专场,https://item.jd.com/48938229023.html,2068.00,100+,magic海外专营店,'免邮''赠'
先领券再下单/下单就送配件大礼包/7天无理由退货/365天店铺质保/终身成本维修,https://item.jd.com/28066119121.html,4738.00,200+,实在人二手摄影器材专营店,'闪购''券599-50''满1999-20''赠''险'
租赁商品下单前务必核实档期，租金递减。店铺支持小白信用免押，查看更多租赁商品~,https://item.jd.com/25730235137.html,45.00,10+,蜂鸟网摄影摄像租赁店,
(致广大摄影爱好者）1.我们是京东佳能专卖店，专注佳能12年。2，本店大部分商品采用京东物流，全国五仓发货，部分商品次日达！北京城区可闪送，2小时极速达。,https://item.jd.com/31499759427.html,3388.00,700+,佳能呈现美数码专卖店,'京东物流''闪购''免邮''券1000-10'
【关注有礼领券立减】夏日旅游季，好礼享不停！店铺所有商品提供七天无理由退换货，顺丰发货，领券立减，撩客服免费延保，领取三合一数据线！更有好评红包等你领取！,https://item.jd.com/33237213742.html,3950.00,200+,奇恒二手摄影器材专营店,'放心购''券599-50''赠''险'
【京东自营更放心】,https://item.jd.com/1042450.html,10299.00,60+,佳能影像京东自营官方旗舰店,'自营'
820相机超级品类日！抢100/200补贴神券！抽500元无门槛神券！全店尊享3期免息，购套餐再减100送延保享专属特权！抽奖拿百万豪礼！点击进入》》》,https://item.jd.com/12994413337.html,3478.00,1700+,兴远摄影专营店,'放心购''闪购''免邮''券5000-50''满199-100''赠''险'
820数码超级品类日，抢200超级神券(指定商品可用)，部分配件每满300减30！更有超低直降促销等你来嗨！点击查看,https://item.jd.com/35844750093.html,3099.00,400+,摄贸金广角官方旗舰店,'放心购''闪购''免邮''券2000-100''赠''险'
【京东好店|品质精选|放心购】撩客服加99元抢原充+耳机，8plus低至3227，x低至4117，Max低至61677plus-128低至2347,https://item.jd.com/41368055629.html,2997.00,100+,鸿兴优品二手手机专营店,'免邮''券99-20''赠''险'
【品质保证】望远套机，丰富赠品，购物车查看！腾龙18-200，一镜走天下！特惠套装，欲购从速！D750惊喜直降，好货请戳,https://item.jd.com/100000898288.html,3879.00,0,尼康京东自营官方旗舰店,'自营'
冰爽夏日！购物狂欢季！联系客服赠品多多！优惠多多！还有更多惊喜等您拿！！！凡事在本店购单反及微单相机，我们就送意外维修费用，机会不多！亲们还在等什么了？,https://item.jd.com/45482076517.html,6999.00,1300+,华聿摄影专营店,'京东物流''放心购''闪购''券4000-200''赠''险'
迎接夏天，拥抱太阳！生机勃勃的夏日让我们带着相机去沐浴阳光吧！本店所有商品支持7天无理由，一年免费保修，千万千万记得先领券后下单哦！,https://item.jd.com/37891185570.html,7599.00,100+,翼思二手摄影器材专营店,'放心购''券39-30''满1999-20''险'
820数码超级品类日，中海摄影携手京东让价大促，部分型号满可以领取200元优惠券，更有超值大礼等你哦820数码超级品类日点击领券,https://item.jd.com/26221055704.html,15999.00,1200+,中海摄影专营店,'闪购''券4000-200''赠''险'
820相机超级品类日！抢100/200补贴神券！抽500元无门槛神券！全店尊享3期免息，购套餐再减100送延保享专属特权！抽奖拿百万豪礼！点击进入》》》,https://item.jd.com/12994413335.html,2988.00,1700+,兴远摄影专营店,'放心购''闪购''免邮''券5000-50''险'
"【品质保证】实力来袭！新款单反，入门女神单反，2,416万有效像素，小巧可爱，推荐家用，旅游套机，轻巧便携！新手摄影利器！D750惊喜直降，好货请戳",https://item.jd.com/100001984834.html,2798.00,0,尼康京东自营官方旗舰店,'自营'
【京东热8品质狂欢购】【咨询客服享优惠】【白条免息】分期免息，下单送实用大礼包加摄影教程，晒单送备电或三脚架点这里抢神卷100元200元,https://item.jd.com/15583554437.html,11688.00,400+,卓群数码影像专营店,'券1000-100''满99-5''赠''险'
先领券再下单/下单就送配件大礼包/7天无理由退货/365天店铺质保/终身成本维修,https://item.jd.com/27560432455.html,4099.00,300+,实在人二手摄影器材专营店,'券599-50''满1999-20''赠''险'
迎接夏天，拥抱太阳！生机勃勃的夏日让我们带着相机去沐浴阳光吧！本店所有商品支持7天无理由，一年免费保修，千万千万记得先领券后下单哦！,https://item.jd.com/37729867968.html,2299.00,1100+,翼思二手摄影器材专营店,'券39-30''满1999-20''险'
【365天质保】下单收藏关注店铺送摄影教程,https://item.jd.com/34254330966.html,13350.00,100+,摄影师二手摄影器材专营店,'券599-50''赠''险'
【京东自营更放心】,https://item.jd.com/3876595.html,1999.00,900+,佳能影像京东自营官方旗舰店,'自营'
佳能认证经销商，恒泰承诺正品国行，全国保修一年，店铺质保五年，回馈新老客户，全店免费升级内存卡，原装包，国产电池，相机视屏教程，十五种好礼相送。,https://item.jd.com/11730040255.html,7450.00,4000+,恒泰隆昌影像专营店,'赠'
迎接夏天，拥抱太阳！生机勃勃的夏日让我们带着相机去沐浴阳光吧！本店所有商品支持7天无理由，一年免费保修，千万千万记得先领券后下单哦！,https://item.jd.com/38306678225.html,5999.00,700+,翼思二手摄影器材专营店,'券39-30''满1999-20''险'
【尼康直供】下单赠单反实用礼包！京东好店/官方授权经销商/尼康俱乐部典范店！18年线下实体店!影像超品日，【嗨购820，点击这里抢神劵】,https://item.jd.com/10024400826.html,3999.00,2300+,达欣兴象摄影专营店,'闪购''券1000-100''赠''险'
"品类狂欢,闪购钜惠！Z7单机下单立减1000元，领平台券再减200元！还有大转盘抽奖进行中，实物好礼等你来拿，点击马上参与",https://item.jd.com/33221677638.html,3299.00,100+,尼康官方旗舰店,'险'
820数码超级品类日，中海摄影携手京东让价大促，部分型号满可以领取200元优惠券，更有超值大礼等你哦820数码超级品类日点击领券,https://item.jd.com/26386779289.html,5458.00,700+,中海摄影专营店,'闪购''券4000-200''赠''险'
【京东热8品质狂欢购】【咨询客服享优惠】【白条免息】分期免息，下单送实用大礼包加摄影教程，晒单送备电或三脚架点这里抢神卷100元200元,https://item.jd.com/10871675393.html,8258.00,300+,卓群数码影像专营店,'闪购''券1000-100''满99-5''赠''险'
【京东热8品质狂欢购】【咨询客服享优惠】【白条免息】分期免息，下单送实用大礼包加摄影教程，晒单送备电或三脚架点这里抢神卷100元200元,https://item.jd.com/10813323007.html,14688.00,400+,卓群数码影像专营店,'券1000-100''满99-5''赠''险'
先领券再下单/下单就送配件大礼包/7天无理由退货/365天店铺质保/终身成本维修,https://item.jd.com/28066119124.html,6538.00,200+,实在人二手摄影器材专营店,'闪购''券599-50''满1999-20''赠''险'
【关注有礼领券立减】夏日旅游季，好礼享不停！店铺所有商品提供七天无理由退换货，顺丰发货，领券立减，撩客服免费延保，领取三合一数据线！更有好评红包等你领取！,https://item.jd.com/29753434306.html,2049.00,100+,奇恒二手摄影器材专营店,'放心购''券599-50''赠''险'
820相机超级品类日！抢100/200补贴神券！抽500元无门槛神券！全店尊享3期免息，购套餐再减100送延保享专属特权！抽奖拿百万豪礼！点击进入》》》,https://item.jd.com/14938299029.html,3968.00,1000+,兴远摄影专营店,'闪购''免邮''券5000-50''满199-100''赠''险'
迎接夏天，拥抱太阳！生机勃勃的夏日让我们带着相机去沐浴阳光吧！本店所有商品支持7天无理由，一年免费保修，千万千万记得先领券后下单哦！,https://item.jd.com/37729867961.html,1899.00,1100+,翼思二手摄影器材专营店,'券39-30''满1999-20''险'
820相机超级品类日！抢100/200补贴神券！抽500元无门槛神券！全店尊享3期免息，购套餐再减100送延保享专属特权！抽奖拿百万豪礼！点击进入》》》,https://item.jd.com/31674829015.html,3468.00,600+,兴远摄影专营店,'闪购''免邮''券5000-50''险'
"【下单豪礼,365天质保】官方检测放心器材! 
7天无理由退货,好评返10元现金! 
1年3次免费清洁,终生成本维修!
领劵优惠130元，满额立减30!",https://item.jd.com/30024327234.html,3499.00,100+,蜂鸟二手摄影器材专营店,'券599-50''满2999-10''赠''险'
"【相约七夕爱你""价""给你】【咨询客服享优惠】【白条免息】分期免息，下单送豪华大礼包加摄影教程，晒单送备电或三脚架【正规发票】全新正品国行，支持官方检测，假一赔十",https://item.jd.com/1625039394.html,6788.00,200+,卓群数码影像专营店,'满99-5''赠''险'
【正品行货，支持售后网点检测】【17-20号领100-200元神券，下单立减】,https://item.jd.com/14676709559.html,3956.00,2800+,光影数码专营店,'京东物流''免邮''赠''险'
迎接夏天，拥抱太阳！生机勃勃的夏日让我们带着相机去沐浴阳光吧！本店所有商品支持7天无理由，一年免费保修，千万千万记得先领券后下单哦！,https://item.jd.com/37804664237.html,1800.00,100+,翼思二手摄影器材专营店,'放心购''券39-30''满1999-20''险'
,https://item.jd.com/39220243241.html,5388.00,700+,霞光盛景摄影专营店,'闪购''免邮''券7999-50''赠''险'
【晒单有礼】佳能单反/微单购套餐视频晒单再送备用电池一套【三期免息】京东白条支付享三期免息【正规发票】支持全国联保，可开正规增值税发票，拒绝假发票,https://item.jd.com/31552894870.html,3898.00,4300+,安琪拉数码专营店,'放心购''免邮''券2999-20''赠''险'
【国行正品】签约经销商，假一赔三【分期免息】白条3期免息【无忧快递】京东/顺丰全国仓就近发货【下单有礼】购相机赠配件大礼包,https://item.jd.com/42580863335.html,3279.00,900+,益弘摄影专营店,'放心购''闪购''免邮''券1000-20''赠''险'
820相机超级品类日！抢100/200补贴神券！抽500元无门槛神券！全店尊享3期免息，购套餐再减100送延保享专属特权！抽奖拿百万豪礼！点击进入》》》,https://item.jd.com/46004969189.html,4388.00,1000+,兴远摄影专营店,'闪购''免邮''券5000-50''满199-100''赠''险'
,https://item.jd.com/34608719491.html,4059.00,700+,崇旺数码专营店,'放心购''险'
入门单反套机租赁，三天起租，京东小白信用90及以上可减免押金哦,https://item.jd.com/26039655721.html,40.00,100+,实在山东人摄影摄像租赁店,
820相机超级品类日！抢100/200补贴神券！抽500元无门槛神券！全店尊享3期免息，购套餐再减100送延保享专属特权！抽奖拿百万豪礼！点击进入》》》,https://item.jd.com/30749281836.html,6478.00,300+,兴远摄影专营店,'闪购''免邮''券5000-50''满199-100''赠''险'
820相机超级品类日！抢100/200补贴神券！抽500元无门槛神券！全店尊享3期免息，购套餐再减100送延保享专属特权！抽奖拿百万豪礼！点击进入》》》,https://item.jd.com/31000692484.html,6398.00,2800+,兴远摄影专营店,'免邮''券5000-50''险'
820相机超级品类日！抢100/200补贴神券！抽500元无门槛神券！全店尊享3期免息，购套餐再减100送延保享专属特权！抽奖拿百万豪礼！点击进入》》》,https://item.jd.com/46004969188.html,4088.00,1000+,兴远摄影专营店,'闪购''免邮''券5000-50''险'
820相机超级品类日！抢100/200补贴神券！抽500元无门槛神券！全店尊享3期免息，购套餐再减100送延保享专属特权！抽奖拿百万豪礼！点击进入》》》,https://item.jd.com/14938299030.html,3668.00,1000+,兴远摄影专营店,'闪购''免邮''券5000-50''险'
8月狂欢，指定型号尽享1000直降！满3000档即送帅气斜跨包，单反/微单下单送专业配件礼包，晒单还送大三脚架+视频教程！全新正规行货，假一赔十！,https://item.jd.com/44042369304.html,3938.00,100+,千影汇数码专营店,'放心购''闪购''券999-20''赠''险'
显示领域领导者BOE进军消费市场，推出BOE画屏，单反/微单作品随心输出，专属APP一键分享；AI语音，智能互动。,https://item.jd.com/100002983580.html,2999.00,10,BOE画屏自营旗舰店,'自营''满1000-100'
820相机超级品类日！抢100/200补贴神券！抽500元无门槛神券！全店尊享3期免息，购套餐再减100送延保享专属特权！抽奖拿百万豪礼！点击进入》》》,https://item.jd.com/30749281829.html,4748.00,300+,兴远摄影专营店,'闪购''免邮''券5000-50''险'
赠送清洁套装等；佳能55-250/F4-5.6IS镜头热卖中,https://item.jd.com/40481627338.html,1599.00,100+,贰宝优选二手商品专营店,'券599-50'
,https://item.jd.com/42173840911.html,8437.00,500+,霞光盛景摄影专营店,'闪购''免邮''券7999-50''赠''险'
"品类狂欢,闪购钜惠！Z7单机下单立减1000元，领平台券再减200元！还有大转盘抽奖进行中，实物好礼等你来拿，点击马上参与",https://item.jd.com/32119447922.html,4399.00,300+,尼康官方旗舰店,'闪购''券2000-100''险'
先领券再下单/下单就送配件大礼包/7天无理由退货/365天店铺质保/终身成本维修,https://item.jd.com/28359526530.html,2510.00,100+,实在人二手摄影器材专营店,'放心购''闪购''券599-50''满1999-20''赠''险'
【晒单有礼】佳能单反/微单购套餐视频晒单再送备用电池一套【三期免息】京东白条支付享三期免息【正规发票】支持全国联保，可开正规增值税发票，拒绝假发票,https://item.jd.com/31552894872.html,4228.00,4300+,安琪拉数码专营店,'放心购''免邮''券2999-20''赠''险'
冰爽夏日！购物狂欢季！联系客服赠品多多！优惠多多！还有更多惊喜等您拿！！！凡事在本店购单反及微单相机，我们就送意外维修费用，机会不多！亲们还在等什么了？,https://item.jd.com/10681669828.html,6799.00,2800+,华聿摄影专营店,'险'
购D7500(18-140/18-200)套机领取200优惠下单立减，收货后晒图送专业三脚架或备用电池二选一,https://item.jd.com/12876631012.html,6999.00,100+,御成数码专营店,'闪购''券1000-100''赠''险'
【京东自营更放心】含Wifi卡哦！2020万像素，65点对焦！双DIGIC6处理器！63区双层测光感应器，真瞬间捕手！,https://item.jd.com/4449746.html,12499.00,200+,佳能影像京东自营官方旗舰店,'自营'
,https://item.jd.com/30783662445.html,100.00,900+,实在人二手摄影器材专营店,'券599-50''满1999-20''险'
820相机超级品类日！抢100/200补贴神券！抽500元无门槛神券！全店尊享3期免息，购套餐再减100送延保享专属特权！抽奖拿百万豪礼！点击进入》》》,https://item.jd.com/31674829016.html,3828.00,600+,兴远摄影专营店,'闪购''免邮''券5000-50''满199-100''赠''险'
820数码节，大额神券免费领，购机送大礼包，晒单还有礼物领取哦！欲购从速，抢完为止，更多优惠，敬请联系客服820数码节，大额神券免费领,https://item.jd.com/12692223750.html,6688.00,300+,嘉顺旺摄影专营店,'京东物流''放心购''免邮''券4000-200''赠''险'
【国行正品】签约经销商，假一赔三【分期免息】白条3期免息【无忧快递】京东/顺丰全国仓就近发货【下单有礼】购相机赠配件大礼包,https://item.jd.com/48965631045.html,495.00,200+,益弘摄影专营店,'免邮''券1000-20''险'
佳能认证经销商，恒泰承诺正品国行，全国保修一年，店铺质保五年，回馈新老客户，全店免费升级内存卡，原装包，国产电池，相机视屏教程，十五种好礼相送。,https://item.jd.com/12539037006.html,8588.00,400+,恒泰隆昌影像专营店,'赠'
京东热8购物季，全店白条三期免息，撩客服下单立享优惠，可开正规增值税发票，晒单再送全套摄影教程,https://item.jd.com/30394794374.html,10.00,1300+,实在人数码专营店,'免邮''险'
《下单就送大礼包》《全新正品》《白条免息》,https://item.jd.com/27316340767.html,6899.00,100+,克成影像专营店,'闪购''券1000-100''赠''险'
京东热8购物季，全店白条三期免息，撩客服下单立享优惠，可开正规增值税发票，晒单再送全套摄影教程,https://item.jd.com/41035486028.html,150.00,200+,实在人数码专营店,'免邮''险'
(致广大摄影爱好者）1.我们是京东佳能专卖店，专注佳能12年。2，本店大部分商品采用京东物流，全国五仓发货，部分商品次日达！北京城区可闪送，2小时极速达。,https://item.jd.com/31501249617.html,3688.00,700+,佳能呈现美数码专卖店,'京东物流''闪购''免邮''券1000-10'
820数码超级品类日，抢200超级神券(指定商品可用)，部分配件每满300减30！更有超低直降促销等你来嗨！点击查看,https://item.jd.com/1522113810.html,3599.00,1200+,摄贸金广角官方旗舰店,'放心购''闪购''免邮''赠''险'
4000减200，2000减100京东神券限时抢，撩客服加送好礼，配件5折起，正品保证，正规发票，20年实体店高品质享受，专业摄影服务，不忘初心,https://item.jd.com/41384521547.html,388.00,80+,爱深博影像旗舰店,'免邮''险'
4000减200，2000减100京东神券限时抢，撩客服加送好礼，配件5折起，正品保证，正规发票，20年实体店高品质享受，专业摄影服务，不忘初心,https://item.jd.com/46842167604.html,3599.00,1600+,爱深博影像旗舰店,'放心购''闪购''免邮''赠''险'
【尼康直供】下单赠单反实用礼包！京东好店/官方授权经销商/尼康俱乐部典范店！18年线下实体店!影像超品日，【嗨购820，点击这里抢神劵】,https://item.jd.com/11331863363.html,2199.00,1700+,达欣兴象摄影专营店,'券1000-100''赠''险'
迎接夏天，拥抱太阳！生机勃勃的夏日让我们带着相机去沐浴阳光吧！本店所有商品支持7天无理由，一年免费保修，千万千万记得先领券后下单哦！,https://item.jd.com/37729867965.html,3698.00,1100+,翼思二手摄影器材专营店,'券39-30''满1999-20''险'
820相机超级品类日！抢100/200补贴神券！抽500元无门槛神券！全店尊享3期免息，购套餐再减100送延保享专属特权！抽奖拿百万豪礼！点击进入》》》,https://item.jd.com/12994413333.html,2598.00,1700+,兴远摄影专营店,'放心购''闪购''免邮''券5000-50''险'
4000减200，2000减100京东神券限时抢，撩客服加送好礼，配件5折起，正品保证，正规发票，20年实体店高品质享受，专业摄影服务，不忘初心,https://item.jd.com/49745336461.html,4549.00,3900+,爱深博影像旗舰店,'闪购''免邮''券3000-100''赠''险'
"1.820电脑数码超品日,抢京东神券立减100元2:套餐一特殊效果滤4件套装仅需加100元3:购买尼康原装70-300镜头不送遮光罩点击抢券",https://item.jd.com/11927575823.html,2199.00,900+,御成数码专营店,'放心购''闪购''券1000-100''赠''险'
专业质检，售后无忧，顺丰直达；苹果MacBookAir笔记本热销中,https://item.jd.com/42534523243.html,2999.00,30+,有得卖二手电脑专营店,'券599-50'
【正品行货，支持售后网点检测】升级套餐大优惠，买套餐，更是您需要的，也更划算！撩客服妹子有惊喜！,https://item.jd.com/32299367475.html,2669.00,700+,光影数码专营店,'免邮''赠''险'
,https://item.jd.com/39997190240.html,1719.00,300+,贰宝优选二手商品专营店,'券599-50'
【365天质保】下单收藏关注店铺送摄影教程,https://item.jd.com/34254330965.html,13150.00,100+,摄影师二手摄影器材专营店,'券599-50''赠''险'
【尼康直供】下单赠单反实用礼包！京东好店/官方授权经销商/尼康俱乐部典范店！18年线下实体店!影像超品日，【嗨购820，点击这里抢神劵】,https://item.jd.com/1777843797.html,8250.00,1000+,达欣兴象摄影专营店,'闪购''券1000-100''赠''险'
先领券再下单/下单就送配件大礼包/7天无理由退货/365天店铺质保/终身成本维修,https://item.jd.com/27560432454.html,3275.00,300+,实在人二手摄影器材专营店,'券599-50''满1999-20''赠''险'
820相机超级品类日！抢100/200补贴神券！抽500元无门槛神券！全店尊享3期免息，购套餐再减100送延保享专属特权！抽奖拿百万豪礼！点击进入》》》,https://item.jd.com/1809131228.html,4298.00,2800+,兴远摄影专营店,'闪购''免邮''券5000-50''险'
【尼康直供】下单赠单反实用礼包！京东好店/官方授权经销商/尼康俱乐部典范店！18年线下实体店!影像超品日，【嗨购820，点击这里抢神劵】,https://item.jd.com/16372638725.html,26880.00,100+,达欣兴象摄影专营店,'赠''险'
【尼康直供】下单赠单反实用礼包！京东好店/官方授权经销商/尼康俱乐部典范店！18年线下实体店!影像超品日，【嗨购820，点击这里抢神劵】,https://item.jd.com/10358413225.html,13360.00,400+,达欣兴象摄影专营店,'京东物流''闪购''券4000-200''险'
【品质保证】家用旅游，拍娃拍风景，一镜满足。Expeed5处理器，8张/秒连拍，4K视频，翻转触摸屏D750惊喜直降，好货请戳,https://item.jd.com/100004940862.html,5299.00,50+,尼康京东自营官方旗舰店,'自营'
【京东热8品质狂欢购】【咨询客服享优惠】【白条免息】分期免息，下单送实用大礼包加摄影教程，晒单送备电或三脚架点这里抢神卷100元200元,https://item.jd.com/46908939478.html,4259.00,400+,卓群数码影像专营店,'闪购''券2000-100''满99-5''赠''险'
,https://item.jd.com/40025762553.html,270.00,900+,实在人二手摄影器材专营店,'券599-50''满1999-20''险'
820相机超级品类日！抢100/200补贴神券！抽500元无门槛神券！全店尊享3期免息，购套餐再减100送延保享专属特权！抽奖拿百万豪礼！点击进入》》》,https://item.jd.com/10907301227.html,6398.00,1400+,兴远摄影专营店,'闪购''免邮''券5000-50''险'
佳能入门机单反相机适合家庭会议旅游学校等,https://item.jd.com/23718396537.html,6380.00,100+,至平数码专营店,'放心购'
4000减200，2000减100京东神券限时抢，撩客服加送好礼，配件5折起，正品保证，正规发票，20年实体店高品质享受，专业摄影服务，不忘初心,https://item.jd.com/46842167605.html,3869.00,1600+,爱深博影像旗舰店,'放心购''闪购''免邮''赠''险'
"京东820超品日，疯抢100/200元大额神券-部分型号可用，下单套餐再减100元，购套餐晒单再送备电套装，撩客服
更优惠点击查看",https://item.jd.com/23474069712.html,4748.00,1800+,实在人数码专营店,'放心购''免邮''券2000-100''赠''险'
京东热8购物季，全店白条三期免息，撩客服下单立享优惠，可开正规增值税发票，晒单再送全套摄影教程,https://item.jd.com/30394708943.html,100.00,400+,实在人数码专营店,'免邮''险'
,https://item.jd.com/14656339173.html,2899.00,200+,英德数码专营店,'免邮''赠''险'
【国行正品】签约经销商，假一赔三【分期免息】白条3期免息【无忧快递】京东/顺丰全国仓就近发货【下单有礼】购相机赠配件大礼包,https://item.jd.com/14119142596.html,8666.00,300+,益弘摄影专营店,'闪购''免邮''券1000-20''赠''险'
【国行正品】签约经销商，假一赔三【分期免息】白条3期免息【无忧快递】京东/顺丰全国仓就近发货【下单有礼】购相机赠配件大礼包,https://item.jd.com/47763735648.html,2888.00,400+,益弘摄影专营店,'放心购''闪购''免邮''券1000-20''险'
,https://item.jd.com/34608719488.html,3199.00,700+,崇旺数码专营店,'放心购''险'
,https://item.jd.com/40025762552.html,150.00,900+,实在人二手摄影器材专营店,'券599-50''满1999-20''险'
今日下单即送7重豪礼/7天无理由退货/366天店铺质保/终身成本维修,https://item.jd.com/42857151690.html,3699.00,90+,瀚祥二手影音专营店,'免邮''券599-50''险'
【限时秒杀：领劵立减！】晒图送备用电池送高容量备用电池、充电器，彻底解决您出门旅行续航问题！正品保障，享售后无忧！点击领取,https://item.jd.com/43764782368.html,4188.00,20+,五棵松数码二手专营店,'免邮''券599-50''满500-10''赠''险'
正品行货全国联保京东商城货比3家我家好,https://item.jd.com/10787473764.html,20999.00,200+,德色官方旗舰店,
【新品秒杀：前20名下单晒图就送价值399元15件大礼包！正品保障，享售后无忧！】,https://item.jd.com/1973595636.html,2499.00,300+,蜗牛国际海外专营店,'券2399-30''赠'
【国行正品】签约经销商，假一赔三【分期免息】白条3期免息【无忧快递】京东/顺丰全国仓就近发货【下单有礼】购相机赠配件大礼包,https://item.jd.com/47763735647.html,2688.00,400+,益弘摄影专营店,'放心购''闪购''免邮''券1000-20''险'
820数码节，大额神券免费领，购机送大礼包，晒单还有礼物领取哦！欲购从速，抢完为止，更多优惠，敬请联系客服820数码节，大额神券免费领,https://item.jd.com/10865523568.html,5988.00,200+,嘉顺旺摄影专营店,'京东物流''放心购''免邮''券4000-200''赠''险'
,https://item.jd.com/48913168158.html,2568.00,2100+,皇泽数码专营店,'闪购''免邮''险'
"京东820超品日，疯抢100/200元大额神券-部分型号可用，下单套餐再减100元，购套餐晒单再送备电套装，撩客服
更优惠点击查看",https://item.jd.com/23468485828.html,4259.00,4300+,实在人数码专营店,'放心购''免邮''券2000-100''赠''险'
全幅与wifi兼得，性价比神机，圆你摄影大师梦！,https://item.jd.com/770132.html,9299.00,6800+,佳能影像京东自营官方旗舰店,'自营''满赠'
,https://item.jd.com/40994747388.html,7927.00,500+,霞光盛景摄影专营店,'闪购''免邮''券7999-50''赠''险'
"京东820超品日，疯抢100/200元大额神券-部分型号可用，下单套餐再减100元，购套餐晒单再送备电套装，撩客服
更优惠点击查看",https://item.jd.com/23474069736.html,6088.00,1800+,实在人数码专营店,'放心购''免邮''赠''险'
【尼康直供】下单赠单反实用礼包！京东好店/官方授权经销商/尼康俱乐部典范店！18年线下实体店!影像超品日，【嗨购820，点击这里抢神劵】,https://item.jd.com/16372638733.html,19199.00,100+,达欣兴象摄影专营店,'券1000-100''赠''险'
【8.18狂欢】850单机身咨询立减1200；【限时抢购】每天下单前十名送尼康限量双肩包；【关注加购】送限量空调毯，晒单送专业大脚架【神券点这里，一省到底】,https://item.jd.com/16803608435.html,19199.00,60+,艾曼达数码专营店,'放心购''免邮''券4000-200''赠''险'
"品类狂欢,闪购钜惠！Z7单机下单立减1000元，领平台券再减200元！还有大转盘抽奖进行中，实物好礼等你来拿，点击马上参与",https://item.jd.com/49953213323.html,25178.00,80+,尼康官方旗舰店,'险'
今日下单即送7重豪礼/7天无理由退货/366天店铺质保/终身成本维修,https://item.jd.com/48172494298.html,1199.00,50+,瀚祥二手影音专营店,'免邮''券599-50''险'
"京东820超品日，疯抢100/200元大额神券-部分型号可用，下单套餐再减100元，购套餐晒单再送备电套装，撩客服
更优惠点击查看",https://item.jd.com/23477954954.html,3138.00,1000+,实在人数码专营店,'放心购''免邮''赠''险'
迎接夏天，拥抱太阳！生机勃勃的夏日让我们带着相机去沐浴阳光吧！本店所有商品支持7天无理由，一年免费保修，千万千万记得先领券后下单哦！,https://item.jd.com/38906798544.html,4469.00,700+,翼思二手摄影器材专营店,'券39-30''满1999-20''险'
【正品行货，支持售后网点检测】升级套餐大优惠，买套餐，更是您需要的，也更划算！撩客服妹子有惊喜！,https://item.jd.com/32299805506.html,5388.00,4100+,光影数码专营店,'免邮''赠''险'
"京东820超品日，疯抢100/200元大额神券-部分型号可用，下单套餐再减100元，购套餐晒单再送备电套装，撩客服
更优惠点击查看",https://item.jd.com/23477954946.html,4688.00,1000+,实在人数码专营店,'放心购''免邮''赠''险'
(致广大摄影爱好者）1.我们是京东佳能专卖店，专注佳能12年。2，本店大部分商品采用京东物流，全国五仓发货，部分商品次日达！北京城区可闪送，2小时极速达。,https://item.jd.com/31501249616.html,3558.00,700+,佳能呈现美数码专卖店,'京东物流''闪购''免邮''券2000-100'
【京东热8品质狂欢购】【咨询客服享优惠】【白条免息】分期免息，下单送实用大礼包加摄影教程，晒单送备电或三脚架点这里抢神卷100元200元,https://item.jd.com/10813323003.html,13388.00,400+,卓群数码影像专营店,'券1000-100''满99-5''赠''险'
【尼康直供】下单赠单反实用礼包！京东好店/官方授权经销商/尼康俱乐部典范店！18年线下实体店!影像超品日，【嗨购820，点击这里抢神劵】,https://item.jd.com/11332071500.html,6999.00,2900+,达欣兴象摄影专营店,'券1000-100''赠''险'
【京东热8品质狂欢购】【咨询客服享优惠】【白条免息】分期免息，下单送实用大礼包加摄影教程，晒单送备电或三脚架点这里抢神卷100元200元,https://item.jd.com/10776740361.html,6999.00,200+,卓群数码影像专营店,'闪购''券1000-100''满99-5''赠''险'
"品类狂欢,闪购钜惠！Z7单机下单立减1000元，领平台券再减200元！还有大转盘抽奖进行中，实物好礼等你来拿，点击马上参与",https://item.jd.com/32082513134.html,19799.00,80+,尼康官方旗舰店,'券4000-200''险'
,https://item.jd.com/100002983602.html,2999.00,4,BOE画屏自营旗舰店,'自营''满1000-100'
,https://item.jd.com/8090200.html,2699.00,200+,BOE画屏自营旗舰店,'自营''满1000-100'
迎接夏天，拥抱太阳！生机勃勃的夏日让我们带着相机去沐浴阳光吧！本店所有商品支持7天无理由，一年免费保修，千万千万记得先领券后下单哦！,https://item.jd.com/41348086974.html,2798.00,200+,翼思二手摄影器材专营店,'券39-30''满1999-20''险'
【京东热8品质狂欢购】【咨询客服享优惠】【白条免息】分期免息，下单送实用大礼包加摄影教程，晒单送备电或三脚架点这里抢神卷100元200元,https://item.jd.com/14226111117.html,4259.00,400+,卓群数码影像专营店,'闪购''满99-5''赠''险'
佳能认证经销商，恒泰承诺正品国行，全国保修一年，店铺质保五年，回馈新老客户，全店免费升级内存卡，原装包，国产电池，相机视屏教程，十五种好礼相送。,https://item.jd.com/11737133500.html,6388.00,2300+,恒泰隆昌影像专营店,'赠'
820相机超级品类日！抢100/200补贴神券！抽500元无门槛神券！全店尊享3期免息，购套餐再减100送延保享专属特权！抽奖拿百万豪礼！点击进入》》》,https://item.jd.com/30749281835.html,6298.00,300+,兴远摄影专营店,'闪购''免邮''券5000-50''满199-100''赠''险'
820数码超级品类日，中海摄影携手京东让价大促，部分型号满可以领取200元优惠券，更有超值大礼等你哦820数码超级品类日点击领券,https://item.jd.com/26221055705.html,21688.00,1200+,中海摄影专营店,'闪购''券4000-200''赠''险'
热8嗨购《尼康直供》《下单升级大礼包》《全新正品》《白条免息》《领券立减》《正规发票》下单即送大礼包，晒单在送三脚架，咨询客服优惠更多哟！放心购！！！,https://item.jd.com/26599039995.html,5199.00,300+,克成影像专营店,'放心购''闪购''券1000-100''赠''险'
【正品行货，支持售后网点检测】【17-20号领100-200元神券，下单立减】,https://item.jd.com/14676709551.html,4046.00,2800+,光影数码专营店,'京东物流''免邮''赠''险'
820数码超级品类日，抢200超级神券(指定商品可用)，部分配件每满300减30！更有超低直降促销等你来嗨！点击查看,https://item.jd.com/46018962285.html,4299.00,100+,摄贸金广角官方旗舰店,'放心购''闪购''免邮''券2000-100''赠''险'
"京东820超品日，疯抢100/200元大额神券-部分型号可用，下单套餐再减100元，购套餐晒单再送备电套装，撩客服
更优惠点击查看",https://item.jd.com/23468485836.html,4259.00,4300+,实在人数码专营店,'放心购''免邮''券2000-100''赠''险'
迎接夏天，拥抱太阳！生机勃勃的夏日让我们带着相机去沐浴阳光吧！本店所有商品支持7天无理由，一年免费保修，千万千万记得先领券后下单哦！,https://item.jd.com/52797838423.html,2599.00,2,翼思二手摄影器材专营店,'券39-30''满1999-20''险'
,https://item.jd.com/47278848783.html,6999.00,80+,崇旺数码专营店,'券1000-100''险'
【京东热8品质狂欢购】【咨询客服享优惠】【白条三期免息】前30名赠送价值598元五年延保！还有实用大礼包加摄影教程，晒单更有好礼！点这里抢神卷100元200元,https://item.jd.com/28117352028.html,10788.00,700+,盛世华研数码专营店,'闪购''赠''险'
下单送15件豪华大礼包加摄影教程，晒单送备用电池或三脚架（二选一）【正规发票】全新正品国行，支持官方检测，假一赔十详情咨询客服,https://item.jd.com/28227269490.html,3299.00,600+,飞图摄影专营店,'免邮''赠'
迎接夏天，拥抱太阳！生机勃勃的夏日让我们带着相机去沐浴阳光吧！本店所有商品支持7天无理由，一年免费保修，千万千万记得先领券后下单哦！,https://item.jd.com/37729867967.html,3798.00,1100+,翼思二手摄影器材专营店,'券39-30''满1999-20''险'
套餐满199-100！3期免息，选购套餐更便捷，戳下查看~,https://item.jd.com/31636431205.html,14498.00,600+,兴远摄影专营店,'闪购''免邮''券5000-50''赠''险'
4000减200，2000减100京东神券限时抢，撩客服加送好礼，配件5折起，正品保证，正规发票，20年实体店高品质享受，专业摄影服务，不忘初心,https://item.jd.com/10701494099.html,3269.00,1600+,爱深博影像旗舰店,'放心购''闪购''免邮''券2999-20''险'
【关注有礼领券立减】夏日旅游季，好礼享不停！店铺所有商品提供七天无理由退换货，顺丰发货，领券立减，撩客服免费延保，领取三合一数据线！更有好评红包等你领取！,https://item.jd.com/36105484717.html,5300.00,200+,奇恒二手摄影器材专营店,'放心购''券599-50''赠''险'
【关注有礼领券立减】夏日旅游季，好礼享不停！店铺所有商品提供七天无理由退换货，顺丰发货，领券立减，撩客服免费延保，领取三合一数据线！更有好评红包等你领取！,https://item.jd.com/36105484716.html,3300.00,200+,奇恒二手摄影器材专营店,'放心购''券599-50''赠''险'
820相机超级品类日！抢100/200补贴神券！抽500元无门槛神券！全店尊享3期免息，购套餐再减100送延保享专属特权！抽奖拿百万豪礼！点击进入》》》,https://item.jd.com/30749281831.html,5228.00,300+,兴远摄影专营店,'闪购''免邮''券5000-50''满199-100''赠''险'
820数码超级品类日，中海摄影携手京东让价大促，部分型号满可以领取200元优惠券，更有超值大礼等你哦820数码超级品类日点击领券,https://item.jd.com/45159000553.html,4058.00,100+,中海摄影专营店,'险'
,https://item.jd.com/30783662443.html,10.00,900+,实在人二手摄影器材专营店,'券599-50''满1999-20''险'
联系客服可领券！支持白条！晒单送礼品！正规国税发票！更多产品影像嗨购超品日8.17-20日,https://item.jd.com/31010576966.html,11199.00,30+,宏森博源数码专营店,'免邮''赠''险'
下单送15件豪华大礼包加摄影教程，晒单送备用电池或三脚架（二选一）【正规发票】全新正品国行，支持官方检测，假一赔十详情咨询客服,https://item.jd.com/28227269489.html,2659.00,600+,飞图摄影专营店,'免邮'
"品类狂欢,闪购钜惠！Z7单机下单立减1000元，领平台券再减200元！还有大转盘抽奖进行中，实物好礼等你来拿，点击马上参与",https://item.jd.com/33221677637.html,2499.00,100+,尼康官方旗舰店,'险'
,https://item.jd.com/40994770403.html,8197.00,500+,霞光盛景摄影专营店,'闪购''免邮''券7999-50''赠''险'
【领券下单享优惠晒单返现金大红包】官方检测、正品保障，关注店铺领取现金红包点击领取,https://item.jd.com/45763714836.html,2400.00,20+,五棵松数码二手专营店,'免邮''券599-50''满500-10''赠''险'
迎接夏天，拥抱太阳！生机勃勃的夏日让我们带着相机去沐浴阳光吧！本店所有商品支持7天无理由，一年免费保修，千万千万记得先领券后下单哦！,https://item.jd.com/49793314386.html,4499.00,80+,翼思二手摄影器材专营店,'券39-30''满1999-20''险'
【京东热8品质狂欢购】【咨询客服享优惠】【白条免息】分期免息，下单送实用大礼包加摄影教程，晒单送备电或三脚架点这里抢神卷100元200元,https://item.jd.com/11049293055.html,5188.00,1100+,卓群数码影像专营店,'闪购''满99-5''赠''险'
【国行正品】签约经销商，假一赔三【分期免息】白条3期免息【无忧快递】京东/顺丰全国仓就近发货【下单有礼】购相机赠配件大礼包,https://item.jd.com/53065464790.html,4948.00,1500+,益弘摄影专营店,'放心购''新品''闪购''免邮''券1000-20''险'
,https://item.jd.com/42958920616.html,3699.00,30+,瀚祥二手影音专营店,'免邮''券599-50''险'
820相机超级品类日！抢100/200补贴神券！抽500元无门槛神券！全店尊享3期免息，购套餐再减100送延保享专属特权！抽奖拿百万豪礼！点击进入》》》,https://item.jd.com/46004969191.html,4848.00,1000+,兴远摄影专营店,'闪购''免邮''券5000-50''满199-100''赠''险'
820数码超级品类日，中海摄影携手京东让价大促，部分型号满可以领取200元优惠券，更有超值大礼等你哦820数码超级品类日点击领券,https://item.jd.com/28408109185.html,27199.00,1200+,中海摄影专营店,'闪购''赠''险'
热8嗨购《尼康直供》《下单升级大礼包》《全新正品》《白条免息》《领券立减》《正规发票》下单即送大礼包，晒单在送三脚架，咨询客服优惠更多哟！放心购！！！,https://item.jd.com/27035087110.html,3999.00,300+,克成影像专营店,'放心购''闪购''券1000-100''赠''险'
京东热8购物季，全店白条三期免息，撩客服下单立享优惠，可开正规增值税发票，晒单再送全套摄影教程,https://item.jd.com/41035333995.html,130.00,600+,实在人数码专营店,'免邮''险'
迎接夏天，拥抱太阳！生机勃勃的夏日让我们带着相机去沐浴阳光吧！本店所有商品支持7天无理由，一年免费保修，千万千万记得先领券后下单哦！,https://item.jd.com/48339746570.html,2099.00,40+,翼思二手摄影器材专营店,'券39-30''满1999-20''险'
,https://item.jd.com/51996036243.html,3399.00,5,翼思二手摄影器材专营店,'券39-30''满1999-20''险'
,https://item.jd.com/51639873079.html,7460.00,200+,德色官方旗舰店,'赠'
,https://item.jd.com/24171036664.html,5688.00,20+,至平数码专营店,'放心购''赠'
,https://item.jd.com/17242728784.html,4499.00,600+,德色官方旗舰店,
820相机超级品类日！抢100/200补贴神券！抽500元无门槛神券！全店尊享3期免息，购套餐再减100送延保享专属特权！抽奖拿百万豪礼！点击进入》》》,https://item.jd.com/31629083211.html,8948.00,1400+,兴远摄影专营店,'免邮''券5000-50''满199-100''赠''险'
五年质保60天只换不修（限质量问题），下单送16件豪华大礼包加摄影教程，晒单送三脚架【正规发票】全新正品国行，支持官方检测，假一赔十详情咨询客服,https://item.jd.com/30670960221.html,4299.00,80+,飞图摄影专营店,'免邮''券2999-50''赠'
冰爽夏日！购物狂欢季！联系客服赠品多多！优惠多多！还有更多惊喜等您拿！！！凡事在本店购单反及微单相机，我们就送意外维修费用，机会不多！亲们还在等什么了？,https://item.jd.com/19502830556.html,2899.00,200+,华聿摄影专营店,'放心购''闪购''券2000-100''险'
迎接夏天，拥抱太阳！生机勃勃的夏日让我们带着相机去沐浴阳光吧！本店所有商品支持7天无理由，一年免费保修，千万千万记得先领券后下单哦！,https://item.jd.com/40836342264.html,2338.00,200+,翼思二手摄影器材专营店,'券39-30''满1999-20''险'
佳能 70D 专业单反租赁 三天起租，京东小白信用90及以上可减免押金哦,https://item.jd.com/26048100843.html,50.00,50+,实在山东人摄影摄像租赁店,
【京东热8品质狂欢购】【咨询客服享优惠】【白条免息】分期免息，下单送实用大礼包加摄影教程，晒单送备电或三脚架点这里抢神卷100元200元,https://item.jd.com/13040274761.html,5899.00,200+,卓群数码影像专营店,'满99-5''赠''险'
【国行正品】签约经销商，假一赔三【分期免息】白条3期免息【无忧快递】京东/顺丰全国仓就近发货【下单有礼】购相机赠配件大礼包,https://item.jd.com/42580863342.html,4830.00,900+,益弘摄影专营店,'放心购''闪购''免邮''券1000-20''赠''险'
【关注有礼领券立减】夏日旅游季，好礼享不停！店铺所有商品提供七天无理由退换货，顺丰发货，领券立减，撩客服免费延保，领取三合一数据线！更有好评红包等你领取！,https://item.jd.com/33237213739.html,3750.00,200+,奇恒二手摄影器材专营店,'放心购''券599-50''赠''险'
【京东热8品质狂欢购】【咨询客服享优惠】【白条三期免息】前30名赠送价值598元五年延保！还有实用大礼包加摄影教程，晒单更有好礼！点这里抢神卷100元200元,https://item.jd.com/28117352026.html,7888.00,700+,盛世华研数码专营店,'闪购''赠''险'
【套餐晒视频单返100元京东E卡】全画幅高像素专业高端机型，晒单有礼，正品行货，支持官方检验！【扫码享低价】第二张主图扫码立减【白条免息】三期免息,https://item.jd.com/36204040479.html,8899.00,300+,佳能呈现美数码专卖店,'免邮''券1000-10''赠'
820相机超级品类日！抢100/200补贴神券！抽500元无门槛神券！全店尊享3期免息，购套餐再减100送延保享专属特权！抽奖拿百万豪礼！点击进入》》》,https://item.jd.com/1602404399.html,3098.00,600+,兴远摄影专营店,'免邮''券5000-50''险'
"品类狂欢,闪购钜惠！Z7单机下单立减1000元，领平台券再减200元！还有大转盘抽奖进行中，实物好礼等你来拿，点击马上参与",https://item.jd.com/31914809001.html,5799.00,300+,尼康官方旗舰店,'闪购''险'
"京东820超品日，疯抢100/200元大额神券-部分型号可用，下单套餐再减100元，购套餐晒单再送备电套装，撩客服
更优惠点击查看",https://item.jd.com/23468485804.html,4449.00,4300+,实在人数码专营店,'放心购''免邮''赠''险'
【京东热8品质狂欢购】【咨询客服享优惠】【白条免息】分期免息，下单送实用大礼包加摄影教程，晒单送备电或三脚架点这里抢神卷100元200元,https://item.jd.com/46908939477.html,4259.00,400+,卓群数码影像专营店,'闪购''券2000-100''满99-5''赠''险'
"京东820超品日，疯抢100/200元大额神券-部分型号可用，下单套餐再减100元，购套餐晒单再送备电套装，撩客服
更优惠点击查看",https://item.jd.com/35571817321.html,4449.00,4100+,实在人数码专营店,'放心购''免邮''赠''险'
【关注有礼领券立减】夏日旅游季，好礼享不停！店铺所有商品提供七天无理由退换货，顺丰发货，领券立减，撩客服免费延保，领取三合一数据线！更有好评红包等你领取！,https://item.jd.com/29881776807.html,3850.00,100+,奇恒二手摄影器材专营店,'放心购''券599-50''赠''险'
【国行正品】签约经销商，假一赔三【分期免息】白条3期免息【无忧快递】京东/顺丰全国仓就近发货【下单有礼】购相机赠配件大礼包,https://item.jd.com/46609380990.html,5299.00,300+,益弘摄影专营店,'放心购''闪购''免邮''券1000-20''赠''险'
"1.820电脑数码超品日,抢京东神券立减100元2:套餐一特殊效果滤4件套装仅需加100元3:购买尼康原装70-300镜头不送遮光罩点击抢券",https://item.jd.com/11927575822.html,3799.00,900+,御成数码专营店,'放心购''闪购''券1000-100''赠''险'
【正品行货，支持售后网点检测】【17-20号领100-200元神券，下单立减】,https://item.jd.com/46004654780.html,4396.00,2800+,光影数码专营店,'免邮''券2000-100''赠''险'
【京东热8品质狂欢购】【咨询客服享优惠】【白条免息】分期免息，下单送实用大礼包加摄影教程，晒单送备电或三脚架点这里抢神卷100元200元,https://item.jd.com/10813323008.html,15388.00,400+,卓群数码影像专营店,'券1000-100''满99-5''赠''险'
820相机超级品类日！抢100/200补贴神券！抽500元无门槛神券！全店尊享3期免息，购套餐再减100送延保享专属特权！抽奖拿百万豪礼！点击进入》》》,https://item.jd.com/10907301234.html,7698.00,1400+,兴远摄影专营店,'闪购''免邮''券5000-50''险'
京东8.20数码节超品日，100-200券领不停！可与店铺券叠加使用哟！特划算！撩客服还可领取惊喜大礼包！点击查看点击查看点击查看,https://item.jd.com/46009588037.html,5378.00,500+,佳能呈现美数码专卖店,'放心购''闪购''免邮''券1000-20'
限时抢购：活动击穿底价！活动领劵再减30元，晒图即送价值299元备用电池！享30/180保修服务！晒图还有优惠，具体联系在线客服领取！,https://item.jd.com/22234179083.html,4329.00,90+,蜗牛海外专营店,'免邮''券1499-20''赠'
先领券再下单/下单就送配件大礼包/7天无理由退货/365天店铺质保/终身成本维修,https://item.jd.com/29416213812.html,3475.00,300+,实在人二手摄影器材专营店,'放心购''券599-50''满1999-20''赠''险'
今日下单即送7重豪礼/7天无理由退货/366天店铺质保/终身成本维修,https://item.jd.com/42857151686.html,3180.00,90+,瀚祥二手影音专营店,'免邮''券599-50''险'
,https://item.jd.com/53597319900.html,2099.00,100+,翼思二手摄影器材专营店,'放心购''券39-30''满1999-20''险'
,https://item.jd.com/40993868448.html,4846.00,200+,霞光盛景摄影专营店,'闪购''免邮''券7999-50''赠''险'
佳能认证经销商，恒泰承诺正品国行，全国保修一年，店铺质保五年，回馈新老客户，全店免费升级内存卡，原装包，国产电池，相机视屏教程，十五种好礼相送。,https://item.jd.com/11767683839.html,5888.00,1000+,恒泰隆昌影像专营店,'赠'
820相机超级品类日！抢100/200补贴神券！抽500元无门槛神券！全店尊享3期免息，购套餐再减100送延保享专属特权！抽奖拿百万豪礼！点击进入》》》,https://item.jd.com/31626188093.html,6898.00,2800+,兴远摄影专营店,'免邮''券5000-50''满199-100''赠''险'
【关注有礼领券立减】夏日旅游季，好礼享不停！店铺所有商品提供七天无理由退换货，顺丰发货，领券立减，撩客服免费延保，领取三合一数据线！更有好评红包等你领取！,https://item.jd.com/31676416156.html,4510.00,100+,奇恒二手摄影器材专营店,'券599-50''赠''险'
【关注有礼领券立减】夏日旅游季，好礼享不停！店铺所有商品提供七天无理由退换货，顺丰发货，领券立减，撩客服免费延保，领取三合一数据线！更有好评红包等你领取！,https://item.jd.com/30052597013.html,3750.00,100+,奇恒二手摄影器材专营店,'放心购''券599-50''赠''险'
佳能认证经销商，恒泰承诺正品国行，全国保修一年，店铺质保五年，回馈新老客户，全店免费升级内存卡，原装包，国产电池，相机视屏教程，十五种好礼相送。,https://item.jd.com/11737034526.html,21366.00,900+,恒泰隆昌影像专营店,'赠'
,https://item.jd.com/40993868452.html,6347.00,200+,霞光盛景摄影专营店,'闪购''免邮''券7999-50''赠''险'
,https://item.jd.com/33327316284.html,4099.00,20+,贰宝优选二手商品专营店,'券599-50'
,https://item.jd.com/40025762554.html,330.00,900+,实在人二手摄影器材专营店,'券599-50''满1999-20''险'
【正品行货，支持售后网点检测】【17-20号领100-200元神券，下单立减】,https://item.jd.com/27150547713.html,2717.00,600+,光影数码专营店,'免邮''券2000-100''赠''险'
全国联保，购套餐镜头送延保，白条三期免息让您分期无忧，送摄影大礼包撩客服去砍价,https://item.jd.com/53717354413.html,5388.00,700+,佳能大棠专卖店,'券4999-20''赠''险'
"【品质保证】2,416万有效像素、翻转屏、39点对焦系统。入门友好型，小巧型选手，新手摄影利器D750惊喜直降，好货请戳",https://item.jd.com/100005584860.html,5899.00,80+,尼康京东自营官方旗舰店,'自营'
,https://item.jd.com/40994770402.html,7976.00,500+,霞光盛景摄影专营店,'闪购''免邮''券7999-50''赠''险'
【国行正品】签约经销商，假一赔三【分期免息】白条3期免息【无忧快递】京东/顺丰全国仓就近发货【下单有礼】购相机赠配件大礼包,https://item.jd.com/43803401377.html,3666.00,500+,益弘摄影专营店,'放心购''免邮''券1000-20''赠''险'
【限时秒杀】领劵下单再减30元！晒图送价值299元备用电池！现货速发，晚到必赔，售后无忧！,https://item.jd.com/1973252165.html,3449.00,400+,蜗牛国际海外专营店,'券2399-30'
820相机超级品类日！抢100/200补贴神券！抽500元无门槛神券！全店尊享3期免息，购套餐再减100送延保享专属特权！抽奖拿百万豪礼！点击进入》》》,https://item.jd.com/31674829022.html,5138.00,600+,兴远摄影专营店,'闪购''免邮''券5000-50''满199-100''赠''险'
京东8.20数码节超品日，100-200券领不停！可与店铺券叠加使用哟！特划算！撩客服还可领取惊喜大礼包！点击查看点击查看点击查看,https://item.jd.com/27427407428.html,3999.00,300+,佳能呈现美数码专卖店,'京东物流''闪购''免邮''券2000-100''赠'
4000减200，2000减100京东神券限时抢，撩客服加送好礼，配件5折起，正品保证，正规发票，20年实体店高品质享受，专业摄影服务，不忘初心,https://item.jd.com/46218419797.html,4549.00,3900+,爱深博影像旗舰店,'闪购''免邮''券3000-100''赠''险'
【京东热8品质狂欢购】【咨询客服享优惠】【白条免息】分期免息，下单送实用大礼包加摄影教程，晒单送备电或三脚架点这里抢神卷100元200元,https://item.jd.com/11769710140.html,4899.00,1100+,卓群数码影像专营店,'闪购''满99-5''赠''险'
,https://item.jd.com/39250069499.html,5766.00,800+,霞光盛景摄影专营店,'闪购''免邮''券7999-50''赠''险'
京东8.20数码节超品日，100-200券领不停！可与店铺券叠加使用哟！特划算！撩客服还可领取惊喜大礼包！点击查看点击查看点击查看,https://item.jd.com/14237963482.html,3848.00,300+,佳能呈现美数码专卖店,'京东物流''闪购''免邮''券2000-100''赠'
【关注有礼领券立减】夏日旅游季，好礼享不停！店铺所有商品提供七天无理由退换货，顺丰发货，领券立减，撩客服免费延保，领取三合一数据线！更有好评红包等你领取！,https://item.jd.com/29781228771.html,3750.00,200+,奇恒二手摄影器材专营店,'放心购''券599-50''赠''险'
冰爽夏日！购物狂欢季！联系客服赠品多多！优惠多多！还有更多惊喜等您拿！！！凡事在本店购单反及微单相机，我们就送意外维修费用，机会不多！亲们还在等什么了？,https://item.jd.com/17173219691.html,22866.00,90+,华聿摄影专营店,'闪购''赠''险'
欢迎选购尼康全画幅变焦镜头：【尼康全画幅变焦镜头选择】,https://item.jd.com/41418417394.html,4599.00,20+,翼思二手摄影器材专营店,'放心购''券39-30''满1999-20''险'
迎接夏天，拥抱太阳！生机勃勃的夏日让我们带着相机去沐浴阳光吧！本店所有商品支持7天无理由，一年免费保修，千万千万记得先领券后下单哦！,https://item.jd.com/38306678223.html,4899.00,700+,翼思二手摄影器材专营店,'券39-30''满1999-20''险'
820数码节，大额神券免费领，购机送大礼包，晒单还有礼物领取哦！欲购从速，抢完为止，更多优惠，敬请联系客服820数码节，大额神券免费领,https://item.jd.com/25787765504.html,16688.00,500+,嘉顺旺摄影专营店,'京东物流''放心购''免邮''券4000-200''赠''险'
820数码超级品类日，中海摄影携手京东让价大促，部分型号满可以领取200元优惠券，更有超值大礼等你哦820数码超级品类日点击领券,https://item.jd.com/27832022950.html,4678.00,30+,中海摄影专营店,'赠''险'
【尼康直供】下单赠单反实用礼包！京东好店/官方授权经销商/尼康俱乐部典范店！18年线下实体店!影像超品日，【嗨购820，点击这里抢神劵】,https://item.jd.com/11332081121.html,7999.00,2900+,达欣兴象摄影专营店,'券1000-100''赠''险'
,https://item.jd.com/8345739.html,7999.00,200+,BOE画屏自营旗舰店,'自营''厂商配送''满1000-100'
820数码超级品类日，中海摄影携手京东让价大促，部分型号满可以领取200元优惠券，更有超值大礼等你哦820数码超级品类日点击领券,https://item.jd.com/26396076891.html,6378.00,100+,中海摄影专营店,'赠''险'
京东8.20数码节超品日，100-200券领不停！可与店铺券叠加使用哟！特划算！撩客服还可领取惊喜大礼包！点击查看点击查看点击查看,https://item.jd.com/46009588036.html,5378.00,500+,佳能呈现美数码专卖店,'放心购''闪购''免邮''券1000-20'
,https://item.jd.com/32796436803.html,6099.00,80+,贰宝优选二手商品专营店,'券599-50'
【正品行货，支持售后网点检测】升级套餐大优惠，买套餐，更是您需要的，也更划算！撩客服妹子有惊喜！,https://item.jd.com/28698595295.html,4238.00,400+,光影数码专营店,'免邮''险'
【国行正品】签约经销商，假一赔三【分期免息】白条3期免息【无忧快递】京东/顺丰全国仓就近发货【下单有礼】购相机赠配件大礼包,https://item.jd.com/46609380989.html,4888.00,300+,益弘摄影专营店,'放心购''闪购''免邮''券1000-20''赠''险'
4000减200，2000减100京东神券限时抢，撩客服加送好礼，配件5折起，正品保证，正规发票，20年实体店高品质享受，专业摄影服务，不忘初心,https://item.jd.com/49745336460.html,4549.00,3900+,爱深博影像旗舰店,'闪购''免邮''券3000-100''赠''险'
"【下单豪礼,365天质保】官方检测放心器材! 
7天无理由退货,好评返10元现金! 
1年3次免费清洁,终生成本维修!
领劵优惠130元，满额立减30!",https://item.jd.com/31290733879.html,8299.00,60+,蜂鸟二手摄影器材专营店,'券599-50''满2999-10''赠''险'
820数码超级品类日，抢200超级神券(指定商品可用)，部分配件每满300减30！更有超低直降促销等你来嗨！点击查看,https://item.jd.com/46100723508.html,3799.00,100+,摄贸金广角官方旗舰店,'放心购''闪购''免邮''赠''险'
【京东自营更放心】,https://item.jd.com/5879092.html,9299.00,20+,佳能影像京东自营官方旗舰店,'自营'
"京东820超品日，疯抢100/200元大额神券-部分型号可用，下单套餐再减100元，购套餐晒单再送备电套装，撩客服
更优惠点击查看",https://item.jd.com/23480180719.html,4858.00,800+,实在人数码专营店,'放心购''免邮''赠''险'
"京东820超品日，疯抢100/200元大额神券-部分型号可用，下单套餐再减100元，购套餐晒单再送备电套装，撩客服
更优惠点击查看",https://item.jd.com/46010151316.html,4299.00,300+,实在人数码专营店,'放心购''免邮''险'
【尼康直供】下单赠单反实用礼包！京东好店/官方授权经销商/尼康俱乐部典范店！18年线下实体店!影像超品日，【嗨购820，点击这里抢神劵】,https://item.jd.com/11332081118.html,5460.00,2900+,达欣兴象摄影专营店,'券1000-100''赠''险'
专业质检，售后无忧，顺丰直达；苹果MacBookAir笔记本热销中,https://item.jd.com/42512532850.html,2599.00,10+,有得卖二手电脑专营店,'券599-50'
【三八女神节，为爱续航到底】官方检测，7天无理由退货，送运费险，晒单赠价值399元大礼包！热销爆款，点击抢购》,https://item.jd.com/29372844139.html,2099.00,700+,优创二手电脑专营店,'免邮''券599-50''满1999-50''险'
,https://item.jd.com/40993868449.html,5017.00,200+,霞光盛景摄影专营店,'闪购''免邮''券7999-50''赠''险'
,https://item.jd.com/53597319899.html,13699.00,100+,翼思二手摄影器材专营店,'放心购''券39-30''满1999-20''险'
820数码超级品类日，中海摄影携手京东让价大促，部分型号满可以领取200元优惠券，更有超值大礼等你哦820数码超级品类日点击领券,https://item.jd.com/26808885071.html,7588.00,800+,中海摄影专营店,'闪购''券4000-200''赠''险'
"京东820超品日，疯抢100/200元大额神券-部分型号可用，下单套餐再减100元，购套餐晒单再送备电套装，撩客服
更优惠点击查看",https://item.jd.com/23480180703.html,6678.00,800+,实在人数码专营店,'放心购''免邮''券4000-200''赠''险'
佳能认证经销商，恒泰承诺正品国行，全国保修一年，店铺质保五年，回馈新老客户，全店免费升级内存卡，原装包，国产电池，相机视屏教程，十五种好礼相送。,https://item.jd.com/11737146408.html,6188.00,2300+,恒泰隆昌影像专营店,'赠'
正品行货全国联保京东商城货比3家我家好,https://item.jd.com/10787473760.html,15888.00,200+,德色官方旗舰店,
,https://item.jd.com/26042089193.html,50.00,20+,实在山东人摄影摄像租赁店,
先领券再下单/下单就送配件大礼包/7天无理由退货/365天店铺质保/终身成本维修,https://item.jd.com/29417830521.html,5233.00,10+,实在人二手摄影器材专营店,'放心购''券599-50''满1999-20''赠''险'
【京东热8品质狂欢购】【咨询客服享优惠】【白条免息】分期免息，下单送实用大礼包加摄影教程，晒单送备电或三脚架点这里抢神卷100元200元,https://item.jd.com/11049293051.html,4899.00,1100+,卓群数码影像专营店,'闪购''券1000-100''满99-5''赠''险'
,https://item.jd.com/49915959835.html,4899.00,100+,崇旺数码专营店,'券1000-100''险'
820相机超级品类日！抢100/200补贴神券！抽500元无门槛神券！全店尊享3期免息，购套餐再减100送延保享专属特权！抽奖拿百万豪礼！点击进入》》》,https://item.jd.com/21479869018.html,4148.00,1000+,兴远摄影专营店,'闪购''免邮''券5000-50''满199-100''险'
"京东820超品日，疯抢100/200元大额神券-部分型号可用，下单套餐再减100元，购套餐晒单再送备电套装，撩客服
更优惠点击查看",https://item.jd.com/23474069752.html,6268.00,1800+,实在人数码专营店,'放心购''免邮''赠''险'
820数码超级品类日，中海摄影携手京东让价大促，部分型号满可以领取200元优惠券，更有超值大礼等你哦820数码超级品类日点击领券,https://item.jd.com/26388032615.html,8999.00,700+,中海摄影专营店,'闪购''赠''险'
【晒单有礼】佳能单反/微单购套餐视频晒单再送备用电池一套【三期免息】京东白条支付享三期免息【正规发票】支持全国联保，可开正规增值税发票，拒绝假发票,https://item.jd.com/32457427294.html,100.00,70+,安琪拉数码专营店,'免邮''险'
【尼康直供】下单赠单反实用礼包！京东好店/官方授权经销商/尼康俱乐部典范店！18年线下实体店!影像超品日，【嗨购820，点击这里抢神劵】,https://item.jd.com/1468055269.html,12100.00,1000+,达欣兴象摄影专营店,'闪购''券1000-100''赠''险'
佳能认证经销商，恒泰承诺正品国行，全国保修一年，店铺质保五年，回馈新老客户，全店免费升级内存卡，原装包，国产电池，相机视屏教程，十五种好礼相送。,https://item.jd.com/11737034525.html,15888.00,900+,恒泰隆昌影像专营店,'赠'
迎接夏天，拥抱太阳！生机勃勃的夏日让我们带着相机去沐浴阳光吧！本店所有商品支持7天无理由，一年免费保修，千万千万记得先领券后下单哦！,https://item.jd.com/37802658413.html,2659.00,700+,翼思二手摄影器材专营店,'券39-30''满1999-20''险'
,https://item.jd.com/44149000252.html,10.00,10+,瀚祥二手影音专营店,'免邮''券599-50''险'
【送8重礼】买就送8重豪礼【正规发票】可开增值税发票，全国联保，售后无忧【延保服务】买就送延保一年【摄影教程】买就送摄影教程,https://item.jd.com/46386180727.html,3599.00,10+,佳能奏凯专卖店,'京东物流''券700-20''险'
"品类狂欢,闪购钜惠！Z7单机下单立减1000元，领平台券再减200元！还有大转盘抽奖进行中，实物好礼等你来拿，点击马上参与",https://item.jd.com/31914809002.html,8599.00,300+,尼康官方旗舰店,'闪购''券4000-200''险'
【放心购：选购更简单，购物更快乐！】【白条分期】【国税电子/纸质发票】【技术指导】【晒单有礼】,https://item.jd.com/1487065519.html,3599.00,600+,友联数码专营店,'放心购''免邮''满3000-30''赠'
"品类狂欢,闪购钜惠！Z7单机下单立减1000元，领平台券再减200元！还有大转盘抽奖进行中，实物好礼等你来拿，点击马上参与",https://item.jd.com/31911299547.html,13299.00,200+,尼康官方旗舰店,'险'
【国行正品】签约经销商，假一赔三【分期免息】白条3期免息【无忧快递】京东/顺丰全国仓就近发货【下单有礼】购相机赠配件大礼包,https://item.jd.com/46609380987.html,4199.00,300+,益弘摄影专营店,'放心购''闪购''免邮''券1000-20''赠''险'
(致广大摄影爱好者）1.我们是京东佳能专卖店，专注佳能12年。2，本店大部分商品采用京东物流，全国五仓发货，部分商品次日达！北京城区可闪送，2小时极速达。,https://item.jd.com/28832945195.html,2868.00,700+,佳能呈现美数码专卖店,'闪购''免邮''券1000-10'
佳能认证经销商，恒泰承诺正品国行，全国保修一年，店铺质保五年，回馈新老客户，全店免费升级内存卡，原装包，国产电池，相机视屏教程，十五种好礼相送。,https://item.jd.com/11730040250.html,5898.00,4000+,恒泰隆昌影像专营店,'赠'
,https://item.jd.com/53597319897.html,6499.00,100+,翼思二手摄影器材专营店,'放心购''券39-30''满1999-20''险'
限时赠电池+三脚架，下单再送相机包、32G卡、UV滤镜、清洁套装、钢化膜、读卡器、内胆包、镜头纸、防丢绳、手腕带、水平仪。,https://item.jd.com/49899645449.html,3599.00,10+,锐意优品二手数码专营店,'免邮''券599-50''满999-20''赠''险'
【国行正品】签约经销商，假一赔三【分期免息】白条3期免息【无忧快递】京东/顺丰全国仓就近发货【下单有礼】购相机赠配件大礼包,https://item.jd.com/28476014645.html,495.00,200+,益弘摄影专营店,'免邮''券1000-20''险'
4000减200，2000减100京东神券限时抢，撩客服加送好礼，配件5折起，正品保证，正规发票，20年实体店高品质享受，专业摄影服务，不忘初心,https://item.jd.com/10640897419.html,16899.00,200+,爱深博影像旗舰店,'免邮''券4000-200''赠''险'
迎接夏天，拥抱太阳！生机勃勃的夏日让我们带着相机去沐浴阳光吧！本店所有商品支持7天无理由，一年免费保修，千万千万记得先领券后下单哦！,https://item.jd.com/49793314385.html,3699.00,80+,翼思二手摄影器材专营店,'券39-30''满1999-20''险'
【晒单有礼】佳能单反/微单购套餐视频晒单再送备用电池一套【三期免息】京东白条支付享三期免息【正规发票】支持全国联保，可开正规增值税发票，拒绝假发票,https://item.jd.com/31552894871.html,4008.00,4300+,安琪拉数码专营店,'放心购''免邮''券2999-20''赠''险'
【国行正品】签约经销商，假一赔三【分期免息】白条3期免息【无忧快递】京东/顺丰全国仓就近发货【下单有礼】购相机赠配件大礼包,https://item.jd.com/46101903947.html,4088.00,300+,益弘摄影专营店,'放心购''闪购''免邮''券1000-20''赠''险'
"品类狂欢,闪购钜惠！Z7单机下单立减1000元，领平台券再减200元！还有大转盘抽奖进行中，实物好礼等你来拿，点击马上参与",https://item.jd.com/48664007557.html,4099.00,100+,尼康官方旗舰店,'险'
【正品行货，支持售后网点检测】【17-20号领100-200元神券，下单立减】,https://item.jd.com/27150547712.html,2528.00,600+,光影数码专营店,'免邮''赠''险'
,https://item.jd.com/40994747387.html,7726.00,500+,霞光盛景摄影专营店,'闪购''免邮''券7999-50''赠''险'
迎接夏天，拥抱太阳！生机勃勃的夏日让我们带着相机去沐浴阳光吧！本店所有商品支持7天无理由，一年免费保修，千万千万记得先领券后下单哦！,https://item.jd.com/37802658414.html,3129.00,700+,翼思二手摄影器材专营店,'券39-30''满1999-20''险'
,https://item.jd.com/40993868451.html,6176.00,200+,霞光盛景摄影专营店,'闪购''免邮''券7999-50''赠''险'
【京东热8品质狂欢购】【咨询客服享优惠】【白条免息】分期免息，下单送实用大礼包加摄影教程，晒单送备电或三脚架点这里抢神卷100元200元,https://item.jd.com/46146078164.html,8588.00,200+,卓群数码影像专营店,'闪购''券1000-100''满99-5''赠''险'
8月狂欢，指定型号尽享1000直降！满3000档即送帅气斜跨包，单反/微单下单送专业配件礼包，晒单还送大三脚架+视频教程！全新正规行货，假一赔十！,https://item.jd.com/33266636127.html,2899.00,500+,千影汇数码专营店,'放心购''闪购''券999-20''赠''险'
60天只换不修（限质量问题），下单送豪华大礼包加摄影教程，晒单送三脚架【正规发票】全新正品国行，支持官方检测，假一赔十详情咨询客服,https://item.jd.com/28790168401.html,2199.00,50+,飞图摄影专营店,'放心购''免邮''券1000-100'
套餐满199-100！3期免息，选购套餐更便捷，戳下查看~,https://item.jd.com/31636431201.html,11998.00,600+,兴远摄影专营店,'闪购''免邮''券5000-50''满199-100''赠''险'
820数码超级品类日，中海摄影携手京东让价大促，部分型号满可以领取200元优惠券，更有超值大礼等你哦820数码超级品类日点击领券,https://item.jd.com/26805390266.html,4799.00,60+,中海摄影专营店,'赠''险'
4000减200，2000减100京东神券限时抢，撩客服加送好礼，配件5折起，正品保证，正规发票，20年实体店高品质享受，专业摄影服务，不忘初心,https://item.jd.com/10654096605.html,20699.00,200+,爱深博影像旗舰店,'免邮''赠''险'
【限时满减40】领券再减10元！晒图送价值299元备用电池！现货速发，正品保障，平台审核，海关监管！30天意外保180天性能保！贴心售前售后服务！,https://item.jd.com/52080217481.html,39.00,100+,amazing world海外专营店,'免邮''券199-10''赠'
820数码节，大额神券免费领，购机送大礼包，晒单还有礼物领取哦！欲购从速，抢完为止，更多优惠，敬请联系客服820数码节，大额神券免费领,https://item.jd.com/25785265410.html,14588.00,100+,嘉顺旺摄影专营店,'放心购''免邮''赠''险'
820相机超级品类日！抢100/200补贴神券！抽500元无门槛神券！全店尊享3期免息，购套餐再减100送延保享专属特权！抽奖拿百万豪礼！点击进入》》》,https://item.jd.com/11451415427.html,5498.00,600+,兴远摄影专营店,'免邮''券5000-50''赠''险'
迎接夏天，拥抱太阳！生机勃勃的夏日让我们带着相机去沐浴阳光吧！本店所有商品支持7天无理由，一年免费保修，千万千万记得先领券后下单哦！,https://item.jd.com/43794399569.html,1748.00,200+,翼思二手摄影器材专营店,'券39-30''满1999-20''险'
820相机超级品类日！抢100/200补贴神券！抽500元无门槛神券！全店尊享3期免息，购套餐再减100送延保享专属特权！抽奖拿百万豪礼！点击进入》》》,https://item.jd.com/31626188087.html,7158.00,2800+,兴远摄影专营店,'免邮''券5000-50''满199-100''赠''险'
【套餐晒视频单返100元京东E卡】全画幅高像素专业高端机型，晒单有礼，正品行货，支持官方检验！【扫码享低价】第二张主图扫码立减【白条免息】三期免息,https://item.jd.com/53362510355.html,15688.00,300+,佳能呈现美数码专卖店,'免邮''券1000-10''满8000-100'
820相机超级品类日！抢100/200补贴神券！抽500元无门槛神券！全店尊享3期免息，购套餐再减100送延保享专属特权！抽奖拿百万豪礼！点击进入》》》,https://item.jd.com/30749281843.html,6798.00,300+,兴远摄影专营店,'闪购''免邮''券5000-50''满199-100''赠''险'
4000减200，2000减100京东神券限时抢，撩客服加送好礼，配件5折起，正品保证，正规发票，20年实体店高品质享受，专业摄影服务，不忘初心,https://item.jd.com/49745336463.html,4949.00,3900+,爱深博影像旗舰店,'闪购''免邮''券3000-100''赠''险'
"京东820超品日，疯抢100/200元大额神券-部分型号可用，下单套餐再减100元，购套餐晒单再送备电套装，撩客服
更优惠点击查看",https://item.jd.com/46168482562.html,4199.00,4100+,实在人数码专营店,'放心购''免邮''赠''险'
先领券再下单/下单就送配件大礼包/7天无理由退货/365天店铺质保/终身成本维修,https://item.jd.com/27560432456.html,4445.00,300+,实在人二手摄影器材专营店,'券599-50''满1999-20''赠''险'
,https://item.jd.com/100005794922.html,1599.00,30+,BOE画屏自营旗舰店,'自营''满1000-100'
4000减200，2000减100京东神券限时抢，撩客服加送好礼，配件5折起，正品保证，正规发票，20年实体店高品质享受，专业摄影服务，不忘初心,https://item.jd.com/46842167606.html,4099.00,1600+,爱深博影像旗舰店,'放心购''闪购''免邮''赠''险'
"京东820超品日，疯抢100/200元大额神券-部分型号可用，下单套餐再减100元，购套餐晒单再送备电套装，撩客服
更优惠点击查看",https://item.jd.com/23480173595.html,6488.00,800+,实在人数码专营店,'放心购''免邮''赠''险'
【放心购：选购更简单，购物更快乐！】【白条分期】【国税电子/纸质发票】【技术指导】【晒单有礼】,https://item.jd.com/1460594905.html,2999.00,900+,友联数码专营店,'放心购''免邮''满3000-30''赠'
专业质检，售后无忧，顺丰直达；苹果MacBookAir笔记本热销中,https://item.jd.com/42532034113.html,4799.00,100+,有得卖二手电脑专营店,'券599-50'
"【下单豪礼,365天质保】官方检测放心器材! 
7天无理由退货,好评返10元现金! 
1年3次免费清洁,终生成本维修!
领劵优惠130元，满额立减30!",https://item.jd.com/29494963211.html,3449.00,100+,蜂鸟二手摄影器材专营店,'券599-50''满2999-10''赠''险'
佳能认证经销商，恒泰承诺正品国行，全国保修一年，店铺质保五年，回馈新老客户，全店免费升级内存卡，原装包，国产电池，相机视屏教程，十五种好礼相送。,https://item.jd.com/12254181798.html,3599.00,2200+,恒泰隆昌影像专营店,'赠'
,https://item.jd.com/34608719490.html,4059.00,700+,崇旺数码专营店,'放心购''险'
佳能认证经销商，恒泰承诺正品国行，全国保修一年，店铺质保五年，回馈新老客户，全店免费升级内存卡，原装包，国产电池，相机视屏教程，十五种好礼相送。,https://item.jd.com/11767683843.html,4498.00,1000+,恒泰隆昌影像专营店,'赠'
迎接夏天，拥抱太阳！生机勃勃的夏日让我们带着相机去沐浴阳光吧！本店所有商品支持7天无理由，一年免费保修，千万千万记得先领券后下单哦！,https://item.jd.com/37891185569.html,4399.00,100+,翼思二手摄影器材专营店,'放心购''券39-30''满1999-20''险'
,https://item.jd.com/54259520823.html,167.00,200+,光影数码专营店,'放心购''免邮''险'
【正品行货，支持售后网点检测】【17-20号领100-200元神券，下单立减】,https://item.jd.com/27150547715.html,3089.00,600+,光影数码专营店,'免邮''券2000-100''赠''险'
,https://item.jd.com/40994747391.html,6858.00,500+,霞光盛景摄影专营店,'闪购''免邮''券7999-50''赠''险'
【套餐晒视频单返100元京东E卡】全画幅高像素专业高端机型，晒单有礼，正品行货，支持官方检验！【扫码享低价】第二张主图扫码立减【白条免息】三期免息,https://item.jd.com/52759184428.html,25888.00,100+,佳能呈现美数码专卖店,'免邮''券1000-10''满8000-100'
今日下单即送7重豪礼/7天无理由退货/366天店铺质保/终身成本维修,https://item.jd.com/42863309839.html,1699.00,20+,瀚祥二手影音专营店,'免邮''券599-50''险'
820数码超级品类日，中海摄影携手京东让价大促，部分型号满可以领取200元优惠券，更有超值大礼等你哦820数码超级品类日点击领券,https://item.jd.com/27832022948.html,3899.00,30+,中海摄影专营店,'赠''险'
【京东热8品质狂欢购】【咨询客服享优惠】【白条免息】分期免息，下单送实用大礼包加摄影教程，晒单送备电或三脚架点这里抢神卷100元200元,https://item.jd.com/10716960523.html,4399.00,200+,卓群数码影像专营店,'满99-5''赠''险'
"1.820电脑数码超品日,抢京东神券立减100元2:套餐一特殊效果滤4件套装仅需加100元3:购买尼康原装70-300镜头不送遮光罩点击抢券",https://item.jd.com/44067084554.html,3799.00,900+,御成数码专营店,'放心购''闪购''券1000-100''险'
【领券下单享优惠晒单返现金大红包】官方检测、正品保障，关注店铺领取现金红包点击领取,https://item.jd.com/43737514946.html,3400.00,3,五棵松数码二手专营店,'免邮''券599-50''满500-10''赠''险'
820相机超级品类日！抢100/200补贴神券！抽500元无门槛神券！全店尊享3期免息，购套餐再减100送延保享专属特权！抽奖拿百万豪礼！点击进入》》》,https://item.jd.com/46004969192.html,5078.00,1000+,兴远摄影专营店,'闪购''免邮''券5000-50''满199-100''赠''险'
京东8.20数码节超品日，100-200券领不停！可与店铺券叠加使用哟！特划算！撩客服还可领取惊喜大礼包！点击查看点击查看点击查看,https://item.jd.com/46009588045.html,6678.00,500+,佳能呈现美数码专卖店,'放心购''闪购''免邮''券1000-20'
"全新原装正品,下单即送高速存储卡",https://item.jd.com/50846702188.html,8190.00,5,爱摄摄影摄像专营店,'放心购''赠''险'
【正品行货，支持售后网点检测】升级套餐大优惠，买套餐，更是您需要的，也更划算！撩客服妹子有惊喜！,https://item.jd.com/28698608101.html,5046.00,400+,光影数码专营店,'免邮''赠''险'
限时赠电池+三脚架，下单再送相机包、32G卡、UV滤镜、清洁套装、钢化膜、读卡器、内胆包、镜头纸、防丢绳、手腕带、水平仪。,https://item.jd.com/49899645450.html,4199.00,10+,锐意优品二手数码专营店,'免邮''券599-50''满999-20''赠''险'
820相机超级品类日！抢100/200补贴神券！抽500元无门槛神券！全店尊享3期免息，购套餐再减100送延保享专属特权！抽奖拿百万豪礼！点击进入》》》,https://item.jd.com/30749281830.html,5048.00,300+,兴远摄影专营店,'闪购''免邮''券5000-50''满199-100''赠''险'
820相机超级品类日！抢100/200补贴神券！抽500元无门槛神券！全店尊享3期免息，购套餐再减100送延保享专属特权！抽奖拿百万豪礼！点击进入》》》,https://item.jd.com/10833095946.html,6088.00,2800+,兴远摄影专营店,'闪购''免邮''券5000-50''险'
京东热8购物狂欢，百元优惠随时享！关注店铺下单联系客服最高送100元优惠券，下单即送精美礼品！小视频晒图评价领现金！！！,https://item.jd.com/16834184164.html,19900.00,30+,蓝迈数码专营店,'放心购''券1000-100''赠''险'
【国行正品】签约经销商，假一赔三【分期免息】白条3期免息【无忧快递】京东/顺丰全国仓就近发货【下单有礼】购相机赠配件大礼包,https://item.jd.com/46060129391.html,4499.00,500+,益弘摄影专营店,'放心购''免邮''券1000-20''赠''险'
,https://item.jd.com/40995636353.html,4025.00,70+,霞光盛景摄影专营店,'免邮''券7999-50''赠''险'
京东8.20数码节超品日，100-200券领不停！可与店铺券叠加使用哟！特划算！撩客服还可领取惊喜大礼包！点击查看点击查看点击查看,https://item.jd.com/14237963475.html,3988.00,300+,佳能呈现美数码专卖店,'京东物流''闪购''免邮''券3888-100''赠'
【正品行货，支持售后网点检测】【17-20号领100-200元神券，下单立减】,https://item.jd.com/46004654781.html,4556.00,2800+,光影数码专营店,'免邮''赠''险'
迎接夏天，拥抱太阳！生机勃勃的夏日让我们带着相机去沐浴阳光吧！本店所有商品支持7天无理由，一年免费保修，千万千万记得先领券后下单哦！,https://item.jd.com/37729867966.html,2898.00,1100+,翼思二手摄影器材专营店,'券39-30''满1999-20''险'
【国行正品】签约经销商，假一赔三【分期免息】白条3期免息【无忧快递】京东/顺丰全国仓就近发货【下单有礼】购相机赠配件大礼包,https://item.jd.com/53065464792.html,5558.00,1500+,益弘摄影专营店,'放心购''新品''闪购''免邮''券1000-20''险'
京东8.20数码节超品日，100-200券领不停！可与店铺券叠加使用哟！特划算！撩客服还可领取惊喜大礼包！点击查看点击查看点击查看,https://item.jd.com/46009588033.html,4599.00,500+,佳能呈现美数码专卖店,'放心购''闪购''免邮''券1000-20'
【三八女神节，为爱续航到底】官方检测，7天无理由退货，送运费险，晒单赠价值399元大礼包！热销爆款，点击抢购》,https://item.jd.com/29025488094.html,1899.00,2800+,优创二手电脑专营店,'免邮''券599-50''满1999-50''险'
"【全店白条三期免息】【放心购】【原装正品】【全国联保】所销售产品均为原装正品,戳我查看热卖商品！",https://item.jd.com/28190424781.html,20.00,70+,皇泽数码专营店,'放心购''免邮''险'
,https://item.jd.com/51764272488.html,5899.00,100+,崇旺数码专营店,'券1000-100''险'
"1.820电脑数码超品日,抢京东神券立减100元2:套餐一特殊效果滤4件套装仅需加100元3:购买尼康原装70-300镜头不送遮光罩点击抢券",https://item.jd.com/11927575810.html,4099.00,900+,御成数码专营店,'放心购''闪购''券1000-100''赠''险'
【京东热8品质狂欢购】【咨询客服享优惠】【白条免息】分期免息，下单送实用大礼包加摄影教程，晒单送备电或三脚架点这里抢神卷100元200元,https://item.jd.com/10871675399.html,12388.00,300+,卓群数码影像专营店,'闪购''券1000-100''满99-5''赠''险'
冰爽夏日！购物狂欢季！联系客服赠品多多！优惠多多！还有更多惊喜等您拿！！！凡事在本店购单反及微单相机，我们就送意外维修费用，机会不多！亲们还在等什么了？,https://item.jd.com/11021664498.html,5199.00,600+,华聿摄影专营店,'闪购''券4000-200''险'
820数码超级品类日，中海摄影携手京东让价大促，部分型号满可以领取200元优惠券，更有超值大礼等你哦820数码超级品类日点击领券,https://item.jd.com/26805390267.html,5999.00,60+,中海摄影专营店,'赠''险'
【送8重礼】买就送8重豪礼【正规发票】可开增值税发票，全国联保，售后无忧【延保服务】买就送延保一年【摄影教程】买就送摄影教程,https://item.jd.com/50551464700.html,4159.00,500+,佳能奏凯专卖店,'券1000-100''险'
【关注有礼领券立减】夏日旅游季，好礼享不停！店铺所有商品提供七天无理由退换货，顺丰发货，领券立减，撩客服免费延保，领取三合一数据线！更有好评红包等你领取！,https://item.jd.com/34826456795.html,1099.00,10+,奇恒二手摄影器材专营店,'放心购''券599-50''赠''险'
,https://item.jd.com/39220265910.html,14266.00,1000+,霞光盛景摄影专营店,'闪购''免邮''券7999-50''赠''险'
今日下单即送7重豪礼/7天无理由退货/366天店铺质保/终身成本维修,https://item.jd.com/42925247683.html,2699.00,50+,瀚祥二手影音专营店,'免邮''券599-50''险'
"【下单豪礼,365天质保】官方检测放心器材! 
7天无理由退货,好评返10元现金! 
1年3次免费清洁,终生成本维修!
领劵优惠130元，满额立减30!",https://item.jd.com/27548242408.html,3449.00,100+,蜂鸟二手摄影器材专营店,'券599-50''满2999-10''赠''险'
【365天质保】下单收藏关注店铺送摄影教程,https://item.jd.com/31595405558.html,5150.00,8,摄影师二手摄影器材专营店,'券599-50''赠''险'
4000减200，2000减100京东神券限时抢，撩客服加送好礼，配件5折起，正品保证，正规发票，20年实体店高品质享受，专业摄影服务，不忘初心,https://item.jd.com/1807630034.html,3299.00,2700+,爱深博影像旗舰店,'闪购''免邮''赠''险'
820相机超级品类日！抢100/200补贴神券！抽500元无门槛神券！全店尊享3期免息，购套餐再减100送延保享专属特权！抽奖拿百万豪礼！点击进入》》》,https://item.jd.com/30749281832.html,5508.00,300+,兴远摄影专营店,'闪购''免邮''券5000-50''满199-100''赠''险'
,https://item.jd.com/40993868467.html,5657.00,200+,霞光盛景摄影专营店,'闪购''免邮''券7999-50''赠''险'
佳能指定经销商，全国联保一年，下单送免费店铺质保五年，更有好礼享不停。。。,https://item.jd.com/23601040526.html,160.00,200+,恒泰隆昌影像专营店,
"京东820超品日，疯抢100/200元大额神券-部分型号可用，下单套餐再减100元，购套餐晒单再送备电套装，撩客服
更优惠点击查看",https://item.jd.com/46168482561.html,4199.00,4100+,实在人数码专营店,'放心购''免邮''赠''险'
【关注有礼领券立减】夏日旅游季，好礼享不停！店铺所有商品提供七天无理由退换货，顺丰发货，领券立减，撩客服免费延保，领取三合一数据线！更有好评红包等你领取！,https://item.jd.com/29779161373.html,2800.00,200+,奇恒二手摄影器材专营店,'放心购''券599-50''赠''险'
久租更划算，押金必拍~,https://item.jd.com/11645904766.html,45.00,40+,蜂鸟网摄影摄像租赁店,
4000减200，2000减100京东神券限时抢，撩客服加送好礼，配件5折起，正品保证，正规发票，20年实体店高品质享受，专业摄影服务，不忘初心,https://item.jd.com/48839306654.html,2849.00,1600+,爱深博影像旗舰店,'放心购''闪购''免邮''券2999-20''险'
,https://item.jd.com/26221959283.html,4799.00,200+,华聿摄影专营店,'险'
820相机超级品类日！抢100/200补贴神券！抽500元无门槛神券！全店尊享3期免息，购套餐再减100送延保享专属特权！抽奖拿百万豪礼！点击进入》》》,https://item.jd.com/46004969196.html,4848.00,1000+,兴远摄影专营店,'闪购''免邮''券5000-50''满199-100''赠''险'
820相机超级品类日！抢100/200补贴神券！抽500元无门槛神券！全店尊享3期免息，购套餐再减100送延保享专属特权！抽奖拿百万豪礼！点击进入》》》,https://item.jd.com/31674829021.html,4968.00,600+,兴远摄影专营店,'闪购''免邮''券5000-50''满199-100''赠''险'
冰爽夏日！购物狂欢季！联系客服赠品多多！优惠多多！还有更多惊喜等您拿！！！凡事在本店购单反及微单相机，我们就送意外维修费用，机会不多！亲们还在等什么了？,https://item.jd.com/19727125626.html,40.00,100+,华聿摄影专营店,'险'
京东8.20数码节超品日，100-200券领不停！可与店铺券叠加使用哟！特划算！撩客服还可领取惊喜大礼包！点击查看点击查看点击查看,https://item.jd.com/14237963484.html,4158.00,300+,佳能呈现美数码专卖店,'京东物流''闪购''免邮''券3888-100''险'
迎接夏天，拥抱太阳！生机勃勃的夏日让我们带着相机去沐浴阳光吧！本店所有商品支持7天无理由，一年免费保修，千万千万记得先领券后下单哦！,https://item.jd.com/41355715343.html,3499.00,100+,翼思二手摄影器材专营店,'券39-30''满1999-20''险'
【关注有礼领券立减】夏日旅游季，好礼享不停！店铺所有商品提供七天无理由退换货，顺丰发货，领券立减，撩客服免费延保，领取三合一数据线！更有好评红包等你领取！,https://item.jd.com/51884636127.html,3700.00,60+,奇恒二手摄影器材专营店,'放心购''券599-50''赠''险'
,https://item.jd.com/39220265907.html,8699.00,1000+,霞光盛景摄影专营店,'闪购''免邮''券7999-50''赠''险'
京东8.20数码节超品日，100-200券领不停！可与店铺券叠加使用哟！特划算！撩客服还可领取惊喜大礼包！点击查看点击查看点击查看,https://item.jd.com/51460216661.html,6088.00,500+,佳能呈现美数码专卖店,'放心购''闪购''免邮''券1000-20''险'
京东8.20数码节超品日，100-200券领不停！可与店铺券叠加使用哟！特划算！撩客服还可领取惊喜大礼包！点击查看点击查看点击查看,https://item.jd.com/46009588035.html,4989.00,500+,佳能呈现美数码专卖店,'放心购''闪购''免邮''券1000-20''险'
820数码超级品类日，中海摄影携手京东让价大促，部分型号满可以领取200元优惠券，更有超值大礼等你哦820数码超级品类日点击领券,https://item.jd.com/26805390265.html,4238.00,60+,中海摄影专营店,'赠''险'
8月狂欢，指定型号尽享1000直降！满3000档即送帅气斜跨包，单反/微单下单送专业配件礼包，晒单还送大三脚架+视频教程！全新正规行货，假一赔十！,https://item.jd.com/26128116805.html,5199.00,80+,千影汇数码专营店,'闪购''券999-20''赠''险'
正品行货！全国联保！拒绝水货！拒绝翻新货！,https://item.jd.com/14398238702.html,11299.00,400+,德色官方旗舰店,
4000减200，2000减100京东神券限时抢，撩客服加送好礼，配件5折起，正品保证，正规发票，20年实体店高品质享受，专业摄影服务，不忘初心,https://item.jd.com/10014497331.html,6399.00,100+,爱深博影像旗舰店,'免邮''券4000-200''赠''险'
赠送清洁套装等；佳能55-250/F4-5.6IS镜头热卖中,https://item.jd.com/40481627352.html,1399.00,100+,贰宝优选二手商品专营店,'券599-50'
820数码超级品类日，中海摄影携手京东让价大促，部分型号满可以领取200元优惠券，更有超值大礼等你哦820数码超级品类日点击领券,https://item.jd.com/26378256818.html,8748.00,1000+,中海摄影专营店,'闪购''券4000-200''赠''险'
【关注有礼领券立减】夏日旅游季，好礼享不停！店铺所有商品提供七天无理由退换货，顺丰发货，领券立减，撩客服免费延保，领取三合一数据线！更有好评红包等你领取！,https://item.jd.com/33237213738.html,2650.00,200+,奇恒二手摄影器材专营店,'放心购''券599-50''赠''险'
【关注有礼领券立减】夏日旅游季，好礼享不停！店铺所有商品提供七天无理由退换货，顺丰发货，领券立减，撩客服免费延保，领取三合一数据线！更有好评红包等你领取！,https://item.jd.com/34576138846.html,3250.00,60+,奇恒二手摄影器材专营店,'放心购''券599-50''赠''险'
【领券满减立减60元！】正品保障，平台审核，海关监管！30天意外保180天性能保！贴心售前售后服务！促销专场,https://item.jd.com/52027567130.html,39.00,80+,magic海外专营店,'免邮''赠'
【8.18购物狂欢节】5300/18-55到手价3139；【正品行货】满3000加1元换国产遮光罩；【关注加购】送尼康限量版空调毯【神券点这里，一省到底】,https://item.jd.com/16888689281.html,4299.00,2400+,艾曼达数码专营店,'放心购''免邮''券1000-100''险'
,https://item.jd.com/50024904412.html,2592.00,600+,卡布数码专营店,'满2999-30''险'
,https://item.jd.com/43330432955.html,11800.00,60+,蜂鸟二手摄影器材专营店,'券599-50''满2999-10''赠''险'
,https://item.jd.com/40164004561.html,4359.00,700+,崇旺数码专营店,'放心购''险'
【正品行货，支持售后网点检测】升级套餐大优惠，买套餐，更是您需要的，也更划算！撩客服妹子有惊喜！,https://item.jd.com/32299805507.html,8938.00,4100+,光影数码专营店,'免邮''赠''险'
820相机超级品类日！抢100/200补贴神券！抽500元无门槛神券！全店尊享3期免息，购套餐再减100送延保享专属特权！抽奖拿百万豪礼！点击进入》》》,https://item.jd.com/30749281834.html,5998.00,300+,兴远摄影专营店,'闪购''免邮''券5000-50''险'
【京东热8品质狂欢购】【咨询客服享优惠】【白条免息】分期免息，下单送实用大礼包加摄影教程，晒单送备电或三脚架点这里抢神卷100元200元,https://item.jd.com/13040274765.html,6588.00,200+,卓群数码影像专营店,'满99-5''赠''险'
【京东热8品质狂欢购】【咨询客服享优惠】【白条免息】分期免息，下单送实用大礼包加摄影教程，晒单送备电或三脚架点这里抢神卷100元200元,https://item.jd.com/38692406063.html,12888.00,400+,卓群数码影像专营店,'券1000-100''满99-5''赠''险'
,https://item.jd.com/51698721235.html,50.00,200+,德色官方旗舰店,'赠'
【京东热8品质狂欢购】【咨询客服享优惠】【白条免息】分期免息，下单送实用大礼包加摄影教程，晒单送备电或三脚架点这里抢神卷100元200元,https://item.jd.com/16428951046.html,30988.00,20+,卓群数码影像专营店,'闪购''券1000-100''满99-5''赠''险'
【关注有礼领券立减】夏日旅游季，好礼享不停！店铺所有商品提供七天无理由退换货，顺丰发货，领券立减，撩客服免费延保，领取三合一数据线！更有好评红包等你领取！,https://item.jd.com/54427891367.html,1988.00,60+,奇恒二手摄影器材专营店,'放心购''赠''险'
820相机超级品类日！抢100/200补贴神券！抽500元无门槛神券！全店尊享3期免息，购套餐再减100送延保享专属特权！抽奖拿百万豪礼！点击进入》》》,https://item.jd.com/31626188085.html,6698.00,2800+,兴远摄影专营店,'免邮''券5000-50''满199-100''赠''险'
专业质检，售后无忧，顺丰直达；苹果MacBookAir笔记本热销中,https://item.jd.com/27962770063.html,6199.00,70+,有得卖二手电脑专营店,'券599-50'
【正品行货，支持售后网点检测】升级套餐大优惠，买套餐，更是您需要的，也更划算！撩客服妹子有惊喜！,https://item.jd.com/14469305126.html,14656.00,200+,光影数码专营店,'免邮''赠''险'
【套餐晒视频单返100元京东E卡】全画幅高像素专业高端机型，晒单有礼，正品行货，支持官方检验！【扫码享低价】第二张主图扫码立减【白条免息】三期免息,https://item.jd.com/53362510349.html,13788.00,300+,佳能呈现美数码专卖店,'免邮''券1000-10''满8000-100'
冰爽夏日！购物狂欢季！联系客服赠品多多！优惠多多！还有更多惊喜等您拿！！！凡事在本店购单反及微单相机，我们就送意外维修费用，机会不多！亲们还在等什么了？,https://item.jd.com/11130932644.html,6580.00,600+,华聿摄影专营店,'闪购''赠''险'
【咨询客服有礼】【扫码享低价】第二张主图扫码立减【白条免息】三期免息，下单送摄影大礼包加摄影教程，晒单送备电或三脚架【正规发票】正规发票，正品行货，支持官方检测,https://item.jd.com/40041258580.html,5788.00,5,卓群数码影像专营店,'满99-5''险'
【国行正品】签约经销商，假一赔三【分期免息】白条3期免息【无忧快递】京东/顺丰全国仓就近发货【下单有礼】购相机赠配件大礼包,https://item.jd.com/46609380997.html,5588.00,300+,益弘摄影专营店,'放心购''闪购''免邮''券1000-20''赠''险'
【国行正品】签约经销商，假一赔三【分期免息】白条3期免息【无忧快递】京东/顺丰全国仓就近发货【下单有礼】购相机赠配件大礼包,https://item.jd.com/53065475614.html,6088.00,1500+,益弘摄影专营店,'放心购''新品''闪购''免邮''券1000-20''险'
820数码节，大额神券免费领，购机送大礼包，晒单还有礼物领取哦！欲购从速，抢完为止，更多优惠，敬请联系客服820数码节，大额神券免费领,https://item.jd.com/1538486095.html,9088.00,50+,嘉顺旺摄影专营店,'京东物流''放心购''免邮''券4000-200''赠''险'
先领券再下单/下单就送配件大礼包/7天无理由退货/365天店铺质保/终身成本维修,https://item.jd.com/29416213809.html,1740.00,300+,实在人二手摄影器材专营店,'放心购''券599-50''满1999-20''赠''险'
【关注有礼领券立减】夏日旅游季，好礼享不停！店铺所有商品提供七天无理由退换货，顺丰发货，领券立减，撩客服免费延保，领取三合一数据线！更有好评红包等你领取！,https://item.jd.com/33849532636.html,2800.00,100+,奇恒二手摄影器材专营店,'放心购''券599-50''赠''险'
,https://item.jd.com/32919156115.html,2499.00,90+,贰宝优选二手商品专营店,'券599-50'
820数码超级品类日，抢200超级神券(指定商品可用)，部分配件每满300减30！更有超低直降促销等你来嗨！点击查看,https://item.jd.com/11197271425.html,6029.00,2500+,摄贸金广角官方旗舰店,'闪购''免邮''赠''险'
820数码超级品类日，中海摄影携手京东让价大促，部分型号满可以领取200元优惠券，更有超值大礼等你哦820数码超级品类日点击领券,https://item.jd.com/26115554125.html,3799.00,100+,中海摄影专营店,'险'
,https://item.jd.com/32412564463.html,3999.00,60+,贰宝优选二手商品专营店,'券599-50'
"【下单豪礼,365天质保】官方检测放心器材! 
7天无理由退货,好评返10元现金! 
1年3次免费清洁,终生成本维修!
领劵优惠130元，满额立减30!",https://item.jd.com/31903299498.html,1749.00,200+,蜂鸟二手摄影器材专营店,'券599-50''满2999-10''赠''险'
先领券再下单/下单就送配件大礼包/7天无理由退货/365天店铺质保/终身成本维修,https://item.jd.com/26511757505.html,3588.00,200+,实在人二手摄影器材专营店,'券599-50''满1999-20''赠''险'
【套餐晒视频单返100元京东E卡】全画幅高像素专业高端机型，晒单有礼，正品行货，支持官方检验！【扫码享低价】第二张主图扫码立减【白条免息】三期免息,https://item.jd.com/47826249924.html,12788.00,300+,佳能呈现美数码专卖店,'免邮''券1000-10''赠'
套餐满199-100！3期免息，选购套餐更便捷，戳下查看~,https://item.jd.com/31636420090.html,8798.00,600+,兴远摄影专营店,'闪购''免邮''券5000-50''赠''险'
"品类狂欢,闪购钜惠！Z7单机下单立减1000元，领平台券再减200元！还有大转盘抽奖进行中，实物好礼等你来拿，点击马上参与",https://item.jd.com/31911299546.html,9299.00,200+,尼康官方旗舰店,'险'
820相机超级品类日！抢100/200补贴神券！抽500元无门槛神券！全店尊享3期免息，购套餐再减100送延保享专属特权！抽奖拿百万豪礼！点击进入》》》,https://item.jd.com/31629083208.html,8248.00,1400+,兴远摄影专营店,'免邮''券5000-50''满199-100''赠''险'
【京东热8品质狂欢购】【咨询客服享优惠】【白条免息】分期免息，下单送实用大礼包加摄影教程，晒单送备电或三脚架点这里抢神卷100元200元,https://item.jd.com/10716960522.html,3399.00,200+,卓群数码影像专营店,'券2000-100''满99-5''赠''险'
专业质检，售后无忧，顺丰直达；苹果MacBookAir笔记本热销中,https://item.jd.com/18727315111.html,3799.00,300+,有得卖二手电脑专营店,'券599-50'
【送8重礼】买就送8重豪礼【正规发票】可开增值税发票，全国联保，售后无忧【延保服务】买就送延保一年【摄影教程】买就送摄影教程,https://item.jd.com/50551482104.html,4999.00,500+,佳能奏凯专卖店,'券1000-100''险'
820相机超级品类日！抢100/200补贴神券！抽500元无门槛神券！全店尊享3期免息，购套餐再减100送延保享专属特权！抽奖拿百万豪礼！点击进入》》》,https://item.jd.com/1602404400.html,3558.00,600+,兴远摄影专营店,'免邮''券5000-50''险'
专业质检，售后无忧，顺丰直达；苹果MacBookAir笔记本热销中,https://item.jd.com/20885194096.html,2999.00,300+,有得卖二手电脑专营店,'券599-50'
820数码超级品类日，抢200超级神券(指定商品可用)，部分配件每满300减30！更有超低直降促销等你来嗨！点击查看,https://item.jd.com/10227728976.html,3359.00,100+,摄贸金广角官方旗舰店,'闪购''免邮''赠''险'
,https://item.jd.com/41204413510.html,3159.00,30+,迪比特数码专营店,'险'
,https://item.jd.com/40994747400.html,7627.00,500+,霞光盛景摄影专营店,'闪购''免邮''券7999-50''赠''险'
【套餐晒视频单返100元京东E卡】全画幅高像素专业高端机型，晒单有礼，正品行货，支持官方检验！【扫码享低价】第二张主图扫码立减【白条免息】三期免息,https://item.jd.com/52759184423.html,24288.00,100+,佳能呈现美数码专卖店,'免邮''券1000-10''满8000-100'
820相机超级品类日！抢100/200补贴神券！抽500元无门槛神券！全店尊享3期免息，购套餐再减100送延保享专属特权！抽奖拿百万豪礼！点击进入》》》,https://item.jd.com/31641166894.html,27798.00,200+,兴远摄影专营店,'闪购''免邮''券5000-50''满199-100''赠''险'
【晒单有礼】佳能单反/微单购套餐视频晒单再送备用电池一套【三期免息】京东白条支付享三期免息【正规发票】支持全国联保，可开正规增值税发票，拒绝假发票,https://item.jd.com/49616855486.html,4839.00,4,安琪拉数码专营店,'放心购''免邮''险'
【晒单有礼】佳能单反/微单购套餐视频晒单再送备用电池一套【三期免息】京东白条支付享三期免息【正规发票】支持全国联保，可开正规增值税发票，拒绝假发票,https://item.jd.com/31597143841.html,5468.00,1000+,安琪拉数码专营店,'放心购''免邮''券2999-20''赠''险'
【晒单有礼】佳能单反/微单购套餐视频晒单再送备用电池一套【三期免息】京东白条支付享三期免息【正规发票】支持全国联保，可开正规增值税发票，拒绝假发票,https://item.jd.com/49616855483.html,4299.00,4,安琪拉数码专营店,'放心购''免邮''险'
专业质检，售后无忧，顺丰直达；苹果MacBookAir笔记本热销中,https://item.jd.com/42620219573.html,3300.00,20+,有得卖二手电脑专营店,'券599-50'
【放心购：选购更简单，购物更快乐！】【白条分期】【国税电子/纸质发票】【技术指导】【晒单有礼】,https://item.jd.com/11118794323.html,34999.00,10+,友联数码专营店,'放心购''免邮''满3000-30''赠'
【京东热8品质狂欢购物节】【咨询客服享优惠】【白条免息】分期免息，下单送豪华大礼包加摄影教程，晒单送备电或三脚架【正规发票】全新正品国行，支持官方检测，假一赔十,https://item.jd.com/43914281244.html,10688.00,8,卓群数码影像专营店,'满99-5''险'
,https://item.jd.com/39220265911.html,19966.00,1000+,霞光盛景摄影专营店,'闪购''免邮''券7999-50''赠''险'
【正品行货，支持售后网点检测】升级套餐大优惠，买套餐，更是您需要的，也更划算！撩客服妹子有惊喜！,https://item.jd.com/52620941633.html,8758.00,4100+,光影数码专营店,'免邮''赠''险'
,https://item.jd.com/42232140398.html,5897.00,200+,霞光盛景摄影专营店,'闪购''免邮''券7999-50''赠''险'
京东热8购物狂欢，百元优惠随时享！关注店铺下单联系客服最高送100元优惠券，下单即送精美礼品！小视频晒图评价领现金！！！,https://item.jd.com/12297946771.html,8860.00,100+,蓝迈数码专营店,'放心购''赠''险'
今日下单即送7重豪礼/7天无理由退货/366天店铺质保/终身成本维修,https://item.jd.com/43243720236.html,4699.00,20+,瀚祥二手影音专营店,'免邮''券599-50''险'
冰爽夏日！购物狂欢季！联系客服赠品多多！优惠多多！还有更多惊喜等您拿！！！凡事在本店购单反及微单相机，我们就送意外维修费用，机会不多！亲们还在等什么了？,https://item.jd.com/15424941792.html,10090.00,200+,华聿摄影专营店,'闪购''赠''险'
,https://item.jd.com/8090196.html,2699.00,200+,BOE画屏自营旗舰店,'自营''满1000-100'
【京东热8品质狂欢购】【咨询客服享优惠】【白条免息】分期免息，下单送实用大礼包加摄影教程，晒单送备电或三脚架点这里抢神卷100元200元,https://item.jd.com/47755913614.html,3588.00,200+,卓群数码影像专营店,'满99-5''险'
【尼康直供】下单赠单反实用礼包！京东好店/官方授权经销商/尼康俱乐部典范店！18年线下实体店!影像超品日，【嗨购820，点击这里抢神劵】,https://item.jd.com/10064832018.html,4899.00,2300+,达欣兴象摄影专营店,'闪购''赠''险'
【国行正品】签约经销商，假一赔三【分期免息】白条3期免息【无忧快递】京东/顺丰全国仓就近发货【下单有礼】购相机赠配件大礼包,https://item.jd.com/53065475604.html,6439.00,1500+,益弘摄影专营店,'放心购''新品''闪购''免邮''券1000-20''险'
,https://item.jd.com/33275125710.html,3399.00,60+,贰宝优选二手商品专营店,'券599-50'
专业质检，售后无忧，顺丰直达；苹果MacBookAir笔记本热销中,https://item.jd.com/42512532846.html,1698.00,10+,有得卖二手电脑专营店,'券599-50'
"【下单豪礼,365天质保】官方检测放心器材! 
7天无理由退货,好评返10元现金! 
1年3次免费清洁,终生成本维修!
领劵优惠130元，满额立减30!",https://item.jd.com/29541247067.html,1850.00,200+,蜂鸟二手摄影器材专营店,'券599-50''满2999-10''赠''险'
【国行正品】签约经销商，假一赔三【分期免息】白条3期免息【无忧快递】京东/顺丰全国仓就近发货【下单有礼】购相机赠配件大礼包,https://item.jd.com/43803401382.html,3999.00,500+,益弘摄影专营店,'放心购''免邮''券1000-20''赠''险'
820相机超级品类日！抢100/200补贴神券！抽500元无门槛神券！全店尊享3期免息，购套餐再减100送延保享专属特权！抽奖拿百万豪礼！点击进入》》》,https://item.jd.com/31000692486.html,6598.00,2800+,兴远摄影专营店,'免邮''券5000-50''险'
【尼康直供】下单赠单反实用礼包！京东好店/官方授权经销商/尼康俱乐部典范店！18年线下实体店!影像超品日，【嗨购820，点击这里抢神劵】,https://item.jd.com/10358582010.html,6299.00,200+,达欣兴象摄影专营店,'赠''险'
欢迎选购尼康全画幅变焦镜头：【尼康全画幅变焦镜头选择】,https://item.jd.com/50519739377.html,7999.00,20+,翼思二手摄影器材专营店,'放心购''券39-30''满1999-20''险'
具体颜色咨询客服,https://item.jd.com/42462557719.html,1199.00,20+,贰宝优选二手商品专营店,'券599-50'
今日下单即送7重豪礼/7天无理由退货/366天店铺质保/终身成本维修,https://item.jd.com/42925247686.html,5999.00,50+,瀚祥二手影音专营店,'免邮''券599-50''险'
佳能认证经销商，恒泰承诺正品国行，全国保修一年，店铺质保五年，回馈新老客户，全店免费升级内存卡，原装包，国产电池，相机视屏教程，十五种好礼相送。,https://item.jd.com/11737034514.html,26766.00,900+,恒泰隆昌影像专营店,'赠'
"【下单豪礼,365天质保】官方检测放心器材! 
7天无理由退货,好评返10元现金! 
1年3次免费清洁,终生成本维修!
领劵优惠130元，满额立减30!",https://item.jd.com/28330849517.html,8688.00,80+,蜂鸟二手摄影器材专营店,'券599-50''满2999-10''赠''险'
820相机超级品类日！抢100/200补贴神券！抽500元无门槛神券！全店尊享3期免息，购套餐再减100送延保享专属特权！抽奖拿百万豪礼！点击进入》》》,https://item.jd.com/46004969194.html,4388.00,1000+,兴远摄影专营店,'闪购''免邮''券5000-50''满199-100''赠''险'
【京东热8品质狂欢购】【咨询客服享优惠】【白条免息】分期免息，下单送实用大礼包加摄影教程，晒单送备电或三脚架点这里抢神卷100元200元,https://item.jd.com/38692406062.html,11188.00,400+,卓群数码影像专营店,'券1000-100''满99-5''赠''险'
冰爽夏日！购物狂欢季！联系客服赠品多多！优惠多多！还有更多惊喜等您拿！！！凡事在本店购单反及微单相机，我们就送意外维修费用，机会不多！亲们还在等什么了？,https://item.jd.com/34658153841.html,6950.00,1300+,华聿摄影专营店,'放心购''闪购''赠''险'
,https://item.jd.com/42280566212.html,1499.00,30+,贰宝优选二手商品专营店,'券599-50'
【领券下单享优惠晒单返现金大红包】官方检测、正品保障，关注店铺领取现金红包点击领取,https://item.jd.com/45354372583.html,3800.00,6,五棵松数码二手专营店,'免邮''券599-50''满500-10''赠''险'
,https://item.jd.com/26539277373.html,8688.00,3,至平数码专营店,'放心购'
热8嗨购《尼康直供》《下单升级大礼包》《全新正品》《白条免息》《领券立减》《正规发票》下单即送大礼包，晒单在送三脚架，咨询客服优惠更多哟！放心购！！！,https://item.jd.com/27223720058.html,8099.00,20+,克成影像专营店,'闪购''券1000-100''赠''险'
820数码超级品类日，中海摄影携手京东让价大促，部分型号满可以领取200元优惠券，更有超值大礼等你哦820数码超级品类日点击领券,https://item.jd.com/26221055706.html,20148.00,1200+,中海摄影专营店,'闪购''赠''险'
【放心购：选购更简单，购物更快乐！】【白条分期】【国税电子/纸质发票】【技术指导】【晒单有礼】,https://item.jd.com/1506108037.html,2999.00,900+,友联数码专营店,'放心购''免邮''满3000-30''赠'
,https://item.jd.com/34608719486.html,2799.00,700+,崇旺数码专营店,'放心购''险'
,https://item.jd.com/29095628867.html,20.00,40+,朋来客摄影摄像专营店,'放心购''免邮''险'
【国行正品】签约经销商，假一赔三【分期免息】白条3期免息【无忧快递】京东/顺丰全国仓就近发货【下单有礼】购相机赠配件大礼包,https://item.jd.com/46101903944.html,4088.00,300+,益弘摄影专营店,'放心购''闪购''免邮''券1000-20''赠''险'
"1.820电脑数码超品日,抢京东神券立减100元2:套餐一特殊效果滤4件套装仅需加100元3:购买尼康原装70-300镜头不送遮光罩点击抢券",https://item.jd.com/11927575811.html,3889.00,900+,御成数码专营店,'放心购''闪购''券1000-100''赠''险'
"【相约七夕爱你""价""给你】【咨询客服享优惠】【白条免息】分期免息，下单送豪华大礼包加摄影教程，晒单送备电或三脚架【正规发票】全新正品国行，支持官方检测，假一赔十",https://item.jd.com/1625039395.html,8188.00,200+,卓群数码影像专营店,'满99-5''赠''险'
【国行正品，全国联保】机身配件一站式购机服务，资深摄影指导！22年实体店保障，企业采购单位！惠在美康,https://item.jd.com/32063510959.html,2199.00,200+,美康数码摄影专营店,'险'
【正品行货，支持售后网点检测】【17-20号领100-200元神券，下单立减】,https://item.jd.com/14713781580.html,3288.00,2800+,光影数码专营店,'免邮''险'
【送8重礼】买就送8重豪礼【正规发票】可开增值税发票，全国联保，售后无忧【延保服务】买就送延保一年【摄影教程】买就送摄影教程,https://item.jd.com/50551482106.html,4299.00,500+,佳能奏凯专卖店,'券1000-100''险'
【放心购：选购更简单，购物更快乐！】【白条分期】【国税电子/纸质发票】【技术指导】【晒单有礼】,https://item.jd.com/11325315945.html,8099.00,100+,友联数码专营店,'放心购''免邮''满3000-30''赠'
五年质保60天只换不修（限质量问题），下单送16件豪华大礼包加摄影教程，晒单送三脚架【正规发票】全新正品国行，支持官方检测，假一赔十详情咨询客服,https://item.jd.com/34769526010.html,6299.00,80+,飞图摄影专营店,'免邮''券2999-50''赠'
冰爽夏日！购物狂欢季！联系客服赠品多多！优惠多多！还有更多惊喜等您拿！！！凡事在本店购单反及微单相机，我们就送意外维修费用，机会不多！亲们还在等什么了？,https://item.jd.com/36194315424.html,8629.00,2800+,华聿摄影专营店,'险'
【送8重礼】买就送8重豪礼【正规发票】可开增值税发票，全国联保，售后无忧【延保服务】买就送延保一年【摄影教程】买就送摄影教程,https://item.jd.com/50551482101.html,4299.00,500+,佳能奏凯专卖店,'券1000-100''险'
,https://item.jd.com/50024915308.html,3866.00,2800+,卡布数码专营店,'满2999-30''险'
,https://item.jd.com/23854408896.html,5199.00,20+,至平数码专营店,'放心购''赠'
,https://item.jd.com/44552584140.html,4299.00,200+,御成数码专营店,'放心购''赠''险'
,https://item.jd.com/23957717495.html,19980.00,10+,至平数码专营店,'放心购''赠'
,https://item.jd.com/42958920610.html,1599.00,30+,瀚祥二手影音专营店,'免邮''券599-50''险'
,https://item.jd.com/39218443496.html,6266.00,100+,霞光盛景摄影专营店,'闪购''免邮''券7999-50''赠''险'
佳能认证经销商，恒泰承诺正品国行，全国保修一年，店铺质保五年，回馈新老客户，全店免费升级内存卡，原装包，国产电池，相机视屏教程，十五种好礼相送。,https://item.jd.com/11737034522.html,28599.00,900+,恒泰隆昌影像专营店,'赠'
领100优惠券下单立减，收货后晒图送专业三脚架或备用电池,https://item.jd.com/11968643569.html,5149.00,70+,御成数码专营店,'放心购''闪购''券1000-100''赠''险'
【晒单有礼】佳能单反/微单购套餐视频晒单再送备用电池一套【三期免息】京东白条支付享三期免息【正规发票】支持全国联保，可开正规增值税发票，拒绝假发票,https://item.jd.com/31600776987.html,3648.00,100+,安琪拉数码专营店,'放心购''免邮''券2999-20''赠''险'
820相机超级品类日！抢100/200补贴神券！抽500元无门槛神券！全店尊享3期免息，购套餐再减100送延保享专属特权！抽奖拿百万豪礼！点击进入》》》,https://item.jd.com/31641166880.html,17298.00,200+,兴远摄影专营店,'闪购''免邮''券5000-50''满199-100''险'
820相机超级品类日！抢100/200补贴神券！抽500元无门槛神券！全店尊享3期免息，购套餐再减100送延保享专属特权！抽奖拿百万豪礼！点击进入》》》,https://item.jd.com/31641166882.html,19398.00,200+,兴远摄影专营店,'闪购''免邮''券5000-50''满199-100''赠''险'
